"code.target","code.source","Relationship","adjustment","group.id"
13,13,"1:1","1976 to 1962",NA
15,15,"1:1","1976 to 1962",NA
19,19,"1:1","1976 to 1962",NA
111,11,"n:1","1976 to 1962",1
112,112,"1:1","1976 to 1962",NA
113,113,"1:1","1976 to 1962",NA
114,114,"1:1","1976 to 1962",NA
115,115,"1:1","1976 to 1962",NA
116,116,"1:1","1976 to 1962",NA
119,11,"n:1","1976 to 1962",1
121,12,"n:1","1976 to 1962",2
121,121,"1:1","1976 to 1962",NA
122,12,"n:1","1976 to 1962",2
129,129,"1:1","1976 to 1962",NA
141,14,"n:1","1976 to 1962",3
141,133,"1:n","1976 to 1962",3
141,3201,"n:n","1976 to 1962",3
142,134,"1:1","1976 to 1962",NA
149,14,"n:1","1976 to 1962",3
149,138,"n:1","1976 to 1962",3
223,223,"1:1","1976 to 1962",NA
230,230,"1:1","1976 to 1962",NA
240,240,"1:1","1976 to 1962",NA
251,250,"n:1","1976 to 1962",7
252,250,"n:1","1976 to 1962",7
341,311,"n:1","1976 to 1962",8
342,311,"n:1","1976 to 1962",8
343,311,"n:1","1976 to 1962",8
344,311,"n:1","1976 to 1962",8
360,313,"1:1","1976 to 1962",NA
371,3201,"n:1","1976 to 1962",3
372,3202,"1:1","1976 to 1962",NA
411,410,"n:1","1976 to 1962",10
412,410,"n:1","1976 to 1962",10
430,430,"1:1","1976 to 1962",NA
440,440,"1:1","1976 to 1962",NA
451,451,"1:1","1976 to 1962",NA
452,452,"1:1","1976 to 1962",NA
482,482,"1:1","1976 to 1962",NA
483,483,"1:1","1976 to 1962",NA
488,4881,"1:n","1976 to 1962",NA
488,4882,"1:n","1976 to 1962",NA
541,541,"1:1","1976 to 1962",NA
542,542,"1:1","1976 to 1962",NA
544,544,"1:1","1976 to 1962",NA
561,551,"1:1","1976 to 1962",NA
573,513,"1:n","1976 to 1962",17
573,5201,"n:n","1976 to 1962",17
574,514,"1:1","1976 to 1962",NA
576,5191,"1:n","1976 to 1962",NA
576,5202,"1:n","1976 to 1962",NA
582,532,"1:1","1976 to 1962",NA
583,533,"n:1","1976 to 1962",3
611,611,"1:1","1976 to 1962",NA
612,612,"1:1","1976 to 1962",NA
615,615,"1:1","1976 to 1962",NA
616,616,"1:1","1976 to 1962",NA
619,619,"1:1","1976 to 1962",NA
712,713,"1:n","1976 to 1962",NA
712,9901,"1:n","1976 to 1962",NA
721,721,"1:1","1976 to 1962",NA
722,722,"1:1","1976 to 1962",NA
730,730,"1:1","1976 to 1962",NA
741,741,"1:1","1976 to 1962",NA
742,742,"1:1","1976 to 1962",NA
751,751,"1:1","1976 to 1962",NA
913,913,"1:1","1976 to 1962",NA
1111,111,"n:1","1976 to 1962",4
1112,111,"n:1","1976 to 1962",4
1122,1122,"1:1","1976 to 1962",NA
1123,1123,"1:1","1976 to 1962",NA
1181,1181,"1:1","1976 to 1962",NA
1189,1189,"1:1","1976 to 1962",NA
1213,1210,"n:1","1976 to 1962",29
1221,1221,"1:1","1976 to 1962",NA
1222,1222,"1:1","1976 to 1962",NA
1223,1223,"1:1","1976 to 1962",NA
2111,2111,"1:1","1976 to 1962",NA
2112,2112,"1:1","1976 to 1962",NA
2114,2114,"1:1","1976 to 1962",NA
2116,2116,"1:1","1976 to 1962",NA
2117,2117,"1:1","1976 to 1962",NA
2221,2211,"1:1","1976 to 1962",NA
2222,2214,"1:1","1976 to 1962",NA
2223,2216,"1:1","1976 to 1962",NA
2224,2218,"n:1","1976 to 1962",31
2225,2218,"n:1","1976 to 1962",31
2226,2218,"n:1","1976 to 1962",31
2231,2212,"1:1","1976 to 1962",NA
2232,2213,"1:1","1976 to 1962",NA
2234,2215,"1:1","1976 to 1962",NA
2235,2217,"1:1","1976 to 1962",NA
2238,2218,"n:1","1976 to 1962",31
2239,2219,"1:1","1976 to 1962",NA
2241,221,"n:1","1976 to 1962",5
2242,222,"n:1","1976 to 1962",6
2243,222,"n:1","1976 to 1962",6
2249,221,"n:1","1976 to 1962",5
2479,2424,"1:n","1976 to 1962",NA
2479,2429,"1:n","1976 to 1962",NA
2481,2431,"1:1","1976 to 1962",NA
2511,2511,"1:1","1976 to 1962",NA
2512,2512,"1:1","1976 to 1962",NA
2516,2516,"1:1","1976 to 1962",NA
2613,2613,"1:1","1976 to 1962",NA
2631,2631,"1:1","1976 to 1962",NA
2632,2632,"1:1","1976 to 1962",NA
2633,2633,"1:1","1976 to 1962",NA
2634,2634,"1:1","1976 to 1962",NA
2640,2640,"n:n","1976 to 1962",36
2640,2658,"n:n","1976 to 1962",36
2652,2652,"1:1","1976 to 1962",NA
2654,2654,"1:1","1976 to 1962",NA
2655,2655,"1:1","1976 to 1962",NA
2681,2621,"1:1","1976 to 1962",NA
2682,2622,"1:1","1976 to 1962",NA
2683,2623,"1:1","1976 to 1962",NA
2687,2627,"1:1","1976 to 1962",NA
2711,2711,"1:1","1976 to 1962",NA
2712,2712,"1:1","1976 to 1962",NA
2714,2714,"1:1","1976 to 1962",NA
2733,2733,"1:1","1976 to 1962",NA
2734,2734,"1:1","1976 to 1962",NA
2741,2741,"1:1","1976 to 1962",NA
2742,2742,"1:1","1976 to 1962",NA
2771,2751,"1:1","1976 to 1962",NA
2783,2763,"1:1","1976 to 1962",NA
2784,2764,"1:1","1976 to 1962",NA
2814,2814,"1:1","1976 to 1962",NA
2815,2813,"n:1","1976 to 1962",44
2816,2813,"n:1","1976 to 1962",44
2860,2860,"1:1","1976 to 1962",NA
2874,2834,"1:1","1976 to 1962",NA
2875,2835,"1:1","1976 to 1962",NA
2876,2836,"1:1","1976 to 1962",NA
2877,2837,"1:1","1976 to 1962",NA
2881,28401,"1:1","1976 to 1962",NA
2922,2922,"1:1","1976 to 1962",NA
2923,2923,"1:1","1976 to 1962",NA
2924,2924,"1:1","1976 to 1962",NA
2925,2925,"1:1","1976 to 1962",NA
3221,3214,"n:1","1976 to 1962",48
3222,3214,"n:1","1976 to 1962",48
3223,3216,"n:1","1976 to 1962",49
3224,3217,"n:1","1976 to 1962",50
3330,33101,"1:1","1976 to 1962",NA
3343,3323,"1:1","1976 to 1962",NA
3344,3324,"1:n","1976 to 1962",NA
3344,33102,"1:n","1976 to 1962",NA
3414,3411,"n:1","1976 to 1962",55
3415,3412,"1:1","1976 to 1962",NA
3501,312,"n:1","1976 to 1962",9
3502,312,"n:1","1976 to 1962",9
3503,312,"n:1","1976 to 1962",9
3504,312,"n:1","1976 to 1962",9
3510,3510,"1:1","1976 to 1962",NA
4211,421,"n:1","1976 to 1962",11
4212,421,"n:1","1976 to 1962",11
4221,422,"n:1","1976 to 1962",12
4222,422,"n:1","1976 to 1962",12
4232,4212,"1:1","1976 to 1962",NA
4233,4213,"1:1","1976 to 1962",NA
4234,4214,"1:1","1976 to 1962",NA
4235,4215,"1:1","1976 to 1962",NA
4236,4216,"1:1","1976 to 1962",NA
4241,4221,"1:1","1976 to 1962",NA
4242,4222,"1:1","1976 to 1962",NA
4243,4223,"1:1","1976 to 1962",NA
4244,4224,"1:1","1976 to 1962",NA
4245,4225,"1:1","1976 to 1962",NA
4249,4229,"n:1","1976 to 1962",57
4311,4311,"1:1","1976 to 1962",NA
4312,4312,"1:1","1976 to 1962",NA
4591,459,"n:1","1976 to 1962",13
4592,459,"n:1","1976 to 1962",13
4599,459,"n:1","1976 to 1962",13
4601,4601,"1:1","1976 to 1962",NA
4602,4602,"1:1","1976 to 1962",NA
4701,4701,"1:1","1976 to 1962",NA
4702,4702,"1:1","1976 to 1962",NA
4811,4811,"1:1","1976 to 1962",NA
4812,4812,"1:1","1976 to 1962",NA
4841,4841,"1:n","1976 to 1962",NA
4841,4883,"1:n","1976 to 1962",NA
4842,4842,"1:1","1976 to 1962",NA
5114,51214,"1:1","1976 to 1962",NA
5122,51223,"1:1","1976 to 1962",NA
5139,51253,"1:1","1976 to 1962",NA
5145,51271,"1:1","1976 to 1962",NA
5146,51272,"1:1","1976 to 1962",NA
5147,51274,"n:1","1976 to 1962",64
5154,51281,"1:1","1976 to 1962",NA
5241,5151,"1:1","1976 to 1962",NA
5311,53101,"n:1","1976 to 1962",71
5323,5323,"1:1","1976 to 1962",NA
5331,5331,"1:1","1976 to 1962",NA
5332,5332,"1:1","1976 to 1962",NA
5411,5411,"1:1","1976 to 1962",NA
5414,5414,"1:1","1976 to 1962",NA
5451,545,"n:1","1976 to 1962",14
5459,545,"n:1","1976 to 1962",14
5461,5461,"1:1","1976 to 1962",NA
5462,5462,"1:1","1976 to 1962",NA
5481,5481,"1:1","1976 to 1962",NA
5482,5482,"1:1","1976 to 1962",NA
5484,5484,"1:1","1976 to 1962",NA
5488,5483,"1:n","1976 to 1962",NA
5488,5489,"1:n","1976 to 1962",NA
5513,5511,"1:n","1976 to 1962",NA
5513,55121,"1:n","1976 to 1962",NA
5513,55122,"1:n","1976 to 1962",NA
5514,55123,"1:1","1976 to 1962",NA
5530,5530,"1:n","1976 to 1962",NA
5530,55124,"1:n","1976 to 1962",NA
5541,5541,"1:1","1976 to 1962",NA
5542,5542,"1:1","1976 to 1962",NA
5543,5543,"1:1","1976 to 1962",NA
5643,5543,"1:1","1976 to 1962",NA
5645,5545,"1:1","1976 to 1962",NA
5649,5541,"1:n","1976 to 1962",NA
5649,5542,"1:n","1976 to 1962",NA
5649,5544,"1:n","1976 to 1962",NA
5651,5551,"1:1","1976 to 1962",NA
5659,5552,"n:1","1976 to 1962",3
5711,511,"n:1","1976 to 1962",15
5712,511,"n:1","1976 to 1962",15
5721,512,"n:1","1976 to 1962",16
5722,512,"n:1","1976 to 1962",16
5722,57121,"1:n","1976 to 1962",16
5722,57122,"1:n","1976 to 1962",16
5723,5713,"1:1","1976 to 1962",NA
5729,512,"n:1","1976 to 1962",16
5751,515,"1:1","1976 to 1962",NA
5752,5203,"1:1","1976 to 1962",NA
5771,5171,"n:1","1976 to 1962",18
5772,5171,"n:1","1976 to 1962",18
5773,5171,"n:1","1976 to 1962",18
5774,5172,"n:1","1976 to 1962",19
5775,5172,"n:1","1976 to 1962",19
5779,5172,"n:1","1976 to 1962",19
5792,5192,"1:1","1976 to 1962",NA
5793,5193,"1:1","1976 to 1962",NA
5794,5194,"1:1","1976 to 1962",NA
5795,5195,"n:n","1976 to 1962",17
5795,5201,"n:n","1976 to 1962",17
5796,5195,"n:n","1976 to 1962",17
5796,5201,"n:n","1976 to 1962",17
5797,5195,"n:n","1976 to 1962",17
5797,5201,"n:n","1976 to 1962",17
5798,5199,"1:1","1976 to 1962",NA
5799,5209,"1:1","1976 to 1962",NA
5827,5811,"n:1","1976 to 1962",80
5828,5811,"n:1","1976 to 1962",80
5829,5811,"n:1","1976 to 1962",80
5837,5812,"n:1","1976 to 1962",81
5838,5812,"n:1","1976 to 1962",81
5839,5812,"n:1","1976 to 1962",81
5841,58132,"n:1","1976 to 1962",82
5851,535,"n:1","1976 to 1962",20
5851,58192,"1:1","1976 to 1962",NA
5852,535,"n:1","1976 to 1962",20
5853,535,"n:1","1976 to 1962",20
5854,535,"n:1","1976 to 1962",20
5855,535,"n:1","1976 to 1962",20
5857,535,"n:1","1976 to 1962",20
5858,535,"n:1","1976 to 1962",20
5861,5361,"1:1","1976 to 1962",NA
5862,5362,"1:1","1976 to 1962",NA
5863,5363,"1:1","1976 to 1962",NA
5864,5364,"1:1","1976 to 1962",NA
5891,539,"n:1","1976 to 1962",21
5899,539,"n:1","1976 to 1962",21
5911,5992,"n:1","1976 to 1962",84
5912,5992,"n:1","1976 to 1962",84
5913,5992,"n:1","1976 to 1962",84
5982,59975,"1:1","1976 to 1962",NA
6112,6112,"1:1","1976 to 1962",NA
6113,6113,"1:1","1976 to 1962",NA
6114,6114,"1:1","1976 to 1962",NA
6115,61191,"1:1","1976 to 1962",NA
6121,6121,"1:1","1976 to 1962",NA
6122,6122,"1:1","1976 to 1962",NA
6123,6123,"1:1","1976 to 1962",NA
6129,6129,"1:1","1976 to 1962",NA
6130,6130,"1:1","1976 to 1962",NA
6201,6201,"1:1","1976 to 1962",NA
6202,6202,"1:1","1976 to 1962",NA
6251,6291,"n:1","1976 to 1962",86
6252,6291,"n:1","1976 to 1962",86
6253,6291,"n:1","1976 to 1962",86
6254,6291,"n:1","1976 to 1962",86
6281,6293,"1:1","1976 to 1962",NA
6282,6294,"1:1","1976 to 1962",NA
6341,6311,"1:1","1976 to 1962",NA
6342,63121,"n:1","1976 to 1962",87
6351,6321,"1:1","1976 to 1962",NA
6352,6322,"1:n","1976 to 1962",NA
6352,63182,"1:n","1976 to 1962",NA
6353,6324,"1:1","1976 to 1962",NA
6411,6411,"1:1","1976 to 1962",NA
6421,64211,"1:n","1976 to 1962",NA
6421,64212,"1:n","1976 to 1962",NA
6422,6422,"1:1","1976 to 1962",NA
6423,6423,"1:1","1976 to 1962",NA
6532,65352,"n:1","1976 to 1962",108
6536,65362,"n:1","1976 to 1962",110
6541,65311,"1:n","1976 to 1962",NA
6541,65312,"1:n","1976 to 1962",NA
6544,65331,"1:1","1976 to 1962",NA
6545,6534,"1:n","1976 to 1962",112
6545,65394,"n:n","1976 to 1962",112
6546,6538,"1:1","1976 to 1962",NA
6551,6537,"n:1","1976 to 1962",113
6553,84145,"n:1","1976 to 1962",114
6571,6551,"n:1","1976 to 1962",115
6572,65541,"1:1","1976 to 1962",NA
6574,6555,"1:1","1976 to 1962",NA
6581,6561,"1:1","1976 to 1962",NA
6593,6576,"n:1","1976 to 1962",121
6597,6578,"1:n","1976 to 1962",NA
6597,89921,"1:n","1976 to 1962",NA
6611,6611,"1:1","1976 to 1962",NA
6612,6612,"1:1","1976 to 1962",NA
6631,66311,"1:n","1976 to 1962",NA
6631,66312,"1:n","1976 to 1962",NA
6632,6632,"1:1","1976 to 1962",NA
6635,6635,"1:1","1976 to 1962",NA
6637,6637,"1:1","1976 to 1962",NA
6642,6642,"1:1","1976 to 1962",NA
6643,6643,"1:1","1976 to 1962",NA
6644,6644,"1:1","1976 to 1962",NA
6645,6645,"1:1","1976 to 1962",NA
6646,6646,"1:1","1976 to 1962",NA
6647,6647,"1:1","1976 to 1962",NA
6648,6648,"1:1","1976 to 1962",NA
6652,6652,"1:1","1976 to 1962",NA
6664,6664,"1:1","1976 to 1962",NA
6665,6665,"1:1","1976 to 1962",NA
6666,6666,"1:1","1976 to 1962",NA
6671,6671,"1:1","1976 to 1962",NA
6673,6673,"1:1","1976 to 1962",NA
6674,6674,"1:1","1976 to 1962",NA
6712,6711,"1:n","1976 to 1962",NA
6712,6712,"1:n","1976 to 1962",NA
6747,6747,"1:1","1976 to 1962",NA
6781,6781,"1:1","1976 to 1962",NA
6782,6729,"1:n","1976 to 1962",NA
6782,6782,"1:n","1976 to 1962",NA
6783,6783,"1:1","1976 to 1962",NA
6784,6784,"1:1","1976 to 1962",NA
6785,6785,"1:1","1976 to 1962",NA
6793,6793,"1:1","1976 to 1962",NA
6831,6831,"1:1","1976 to 1962",NA
6841,6841,"1:1","1976 to 1962",NA
6861,6861,"1:1","1976 to 1962",NA
6871,6871,"1:1","1976 to 1962",NA
6880,6880,"1:1","1976 to 1962",NA
6911,6911,"n:1","1976 to 1962",145
6912,6912,"n:1","1976 to 1962",145
6932,6932,"1:1","1976 to 1962",NA
6951,6951,"1:1","1976 to 1962",NA
6992,6983,"1:1","1976 to 1962",NA
7111,711,"n:n","1976 to 1962",22
7111,7111,"n:1","1976 to 1962",22
7111,8191,"n:n","1976 to 1962",22
7112,711,"n:n","1976 to 1962",22
7112,7112,"n:1","1976 to 1962",22
7112,8191,"n:n","1976 to 1962",22
7113,711,"n:n","1976 to 1962",22
7113,8191,"n:n","1976 to 1962",22
7126,71131,"1:1","1976 to 1962",NA
7129,71132,"1:1","1976 to 1962",NA
7132,7115,"n:1","1976 to 1962",152
7138,7115,"n:1","1976 to 1962",152
7139,7115,"n:1","1976 to 1962",152
7144,71142,"n:1","1976 to 1962",153
7161,7221,"n:1","1976 to 1962",154
7163,7221,"n:1","1976 to 1962",154
7169,7222,"n:1","1976 to 1962",155
7187,7117,"1:1","1976 to 1962",NA
7223,7125,"n:1","1976 to 1962",162
7224,7125,"n:1","1976 to 1962",162
7231,7231,"1:1","1976 to 1962",NA
7232,7232,"1:1","1976 to 1962",NA
7233,71841,"1:1","1976 to 1962",NA
7239,71842,"n:1","1976 to 1962",163
7248,7172,"1:1","1976 to 1962",NA
7252,71812,"n:1","1976 to 1962",171
7367,7151,"n:1","1976 to 1962",179
7368,71954,"n:1","1976 to 1962",177
7369,71954,"n:1","1976 to 1962",177
7411,71911,"1:1","1976 to 1962",NA
7412,71913,"1:1","1976 to 1962",NA
7415,71912,"1:1","1976 to 1962",NA
7416,71919,"1:1","1976 to 1962",NA
7421,71921,"n:1","1976 to 1962",184
7422,71921,"n:1","1976 to 1962",184
7423,71921,"n:1","1976 to 1962",184
7429,71921,"n:1","1976 to 1962",184
7431,71922,"n:1","1976 to 1962",185
7432,71922,"n:1","1976 to 1962",185
7433,71922,"n:1","1976 to 1962",185
7434,71922,"n:1","1976 to 1962",185
7435,71231,"n:n","1976 to 1962",186
7435,71923,"n:n","1976 to 1962",186
7436,71231,"n:n","1976 to 1962",186
7436,71923,"n:n","1976 to 1962",186
7439,71231,"n:n","1976 to 1962",186
7439,71923,"n:n","1976 to 1962",186
7449,71931,"n:1","1976 to 1962",188
7491,7197,"1:1","1976 to 1962",NA
7492,71992,"1:1","1976 to 1962",NA
7493,71993,"1:1","1976 to 1962",NA
7521,7142,"n:n","1976 to 1962",23
7521,7143,"n:n","1976 to 1962",23
7521,7521,"1:1","1976 to 1962",NA
7522,7142,"n:n","1976 to 1962",23
7522,7143,"n:n","1976 to 1962",23
7522,7522,"1:1","1976 to 1962",NA
7523,7142,"n:n","1976 to 1962",23
7523,7143,"n:n","1976 to 1962",23
7523,7523,"1:1","1976 to 1962",NA
7524,7142,"n:n","1976 to 1962",23
7524,7143,"n:n","1976 to 1962",23
7524,7524,"1:1","1976 to 1962",NA
7525,7142,"n:n","1976 to 1962",23
7525,7143,"n:n","1976 to 1962",23
7525,7525,"1:1","1976 to 1962",NA
7526,7529,"n:1","1976 to 1962",23
7528,7142,"n:n","1976 to 1962",23
7528,7143,"n:n","1976 to 1962",23
7528,7529,"n:1","1976 to 1962",23
7599,71492,"n:1","1976 to 1962",195
7611,7241,"n:1","1976 to 1962",196
7612,7241,"n:1","1976 to 1962",196
7621,7242,"n:1","1976 to 1962",196
7622,7242,"n:1","1976 to 1962",196
7628,7242,"n:1","1976 to 1962",196
7641,72491,"n:1","1976 to 1962",196
7642,72492,"n:1","1976 to 1962",196
7643,7241,"n:n","1976 to 1962",196
7643,7242,"n:n","1976 to 1962",196
7721,7222,"n:1","1976 to 1962",155
7722,7222,"n:1","1976 to 1962",155
7723,7222,"n:1","1976 to 1962",155
7731,7231,"1:1","1976 to 1962",NA
7741,7261,"1:1","1976 to 1962",NA
7742,7262,"1:1","1976 to 1962",NA
7753,71962,"n:1","1976 to 1962",190
7754,72504,"1:1","1976 to 1962",NA
7761,7293,"n:1","1976 to 1962",203
7762,7293,"n:1","1976 to 1962",203
7763,7293,"n:1","1976 to 1962",203
7764,7293,"n:1","1976 to 1962",203
7784,7296,"1:1","1976 to 1962",NA
7810,7321,"1:1","1976 to 1962",NA
7821,7323,"1:1","1976 to 1962",NA
7822,7324,"1:1","1976 to 1962",NA
7831,7322,"1:1","1976 to 1962",NA
7832,7325,"1:1","1976 to 1962",NA
7841,7326,"n:n","1976 to 1962",206
7841,7327,"n:n","1976 to 1962",206
7841,73281,"n:n","1976 to 1962",206
7842,7326,"n:n","1976 to 1962",206
7842,7327,"n:n","1976 to 1962",206
7842,73281,"n:n","1976 to 1962",206
7849,73289,"1:1","1976 to 1962",NA
7851,73291,"1:1","1976 to 1962",NA
7852,73311,"1:1","1976 to 1962",NA
7911,7312,"1:1","1976 to 1962",NA
7912,7311,"1:n","1976 to 1962",NA
7912,7313,"1:n","1976 to 1962",NA
7913,7314,"1:1","1976 to 1962",NA
7914,7315,"1:1","1976 to 1962",NA
7921,7341,"n:1","1976 to 1962",209
7922,7341,"n:1","1976 to 1962",209
7923,7341,"n:1","1976 to 1962",209
7924,7341,"n:1","1976 to 1962",209
7929,73492,"1:1","1976 to 1962",NA
7931,7351,"1:1","1976 to 1962",NA
7933,7358,"1:1","1976 to 1962",NA
8111,8111,"1:1","1976 to 1962",NA
8112,8112,"1:1","1976 to 1962",NA
8119,8119,"1:1","1976 to 1962",NA
8121,812,"n:1","1976 to 1962",24
8121,8121,"1:1","1976 to 1962",NA
8122,812,"n:1","1976 to 1962",24
8122,8122,"1:1","1976 to 1962",NA
8123,812,"n:1","1976 to 1962",24
8131,813,"n:1","1976 to 1962",25
8132,813,"n:1","1976 to 1962",25
8133,813,"n:1","1976 to 1962",25
8134,813,"n:1","1976 to 1962",25
8135,813,"n:1","1976 to 1962",25
8136,813,"n:1","1976 to 1962",25
8137,813,"n:1","1976 to 1962",25
8138,813,"n:1","1976 to 1962",25
8139,813,"n:1","1976 to 1962",25
8141,814,"n:1","1976 to 1962",26
8142,814,"n:1","1976 to 1962",26
8192,8192,"1:1","1976 to 1962",NA
8193,8193,"1:1","1976 to 1962",NA
8194,8194,"1:1","1976 to 1962",NA
8199,8199,"1:1","1976 to 1962",NA
8481,8413,"1:1","1976 to 1962",NA
8731,72951,"1:n","1976 to 1962",NA
8731,86181,"1:n","1976 to 1962",NA
8732,86182,"1:1","1976 to 1962",NA
8743,86197,"1:1","1976 to 1962",NA
8744,86198,"1:1","1976 to 1962",NA
8749,86199,"1:1","1976 to 1962",NA
8821,8623,"1:1","1976 to 1962",NA
8830,86301,"1:n","1976 to 1962",NA
8830,86309,"1:n","1976 to 1962",NA
8922,8922,"1:1","1976 to 1962",NA
8931,5812,"n:n","1976 to 1962",81
8931,8930,"n:n","1976 to 1962",81
8932,5812,"n:n","1976 to 1962",81
8932,8930,"n:n","1976 to 1962",81
8933,5812,"n:n","1976 to 1962",81
8933,8930,"n:n","1976 to 1962",81
8935,5812,"n:n","1976 to 1962",81
8935,8930,"n:n","1976 to 1962",81
8941,8941,"n:1","1976 to 1962",207
8972,8972,"1:1","1976 to 1962",NA
8974,89713,"1:1","1976 to 1962",NA
8989,8919,"1:n","1976 to 1962",NA
8989,89143,"1:n","1976 to 1962",NA
9110,9110,"1:1","1976 to 1962",NA
9141,914,"n:1","1976 to 1962",27
9149,914,"n:1","1976 to 1962",27
9310,9310,"1:1","1976 to 1962",NA
9410,9410,"1:1","1976 to 1962",NA
9610,9610,"1:1","1976 to 1962",NA
9801,138,"n:n","1976 to 1962",3
9801,533,"n:n","1976 to 1962",3
9801,3201,"n:n","1976 to 1962",3
9801,5552,"n:n","1976 to 1962",3
9802,9902,"1:1","1976 to 1962",NA
9803,9903,"1:1","1976 to 1962",NA
9804,9904,"1:1","1976 to 1962",NA
9805,9905,"1:1","1976 to 1962",NA
9806,9906,"1:1","1976 to 1962",NA
9807,9907,"1:1","1976 to 1962",NA
9808,250,"n:n","1976 to 1962",7
9808,29199,"n:n","1976 to 1962",7
9809,9909,"1:1","1976 to 1962",NA
11101,11101,"1:1","1976 to 1962",NA
11102,11102,"1:1","1976 to 1962",NA
11211,11211,"1:1","1976 to 1962",NA
11212,11212,"1:1","1976 to 1962",NA
11213,11213,"1:1","1976 to 1962",NA
11241,1124,"n:1","1976 to 1962",28
11242,1124,"n:1","1976 to 1962",28
11249,1124,"n:1","1976 to 1962",28
12111,1210,"n:1","1976 to 1962",29
12119,1210,"n:1","1976 to 1962",29
12121,1210,"n:1","1976 to 1962",29
12129,1210,"n:1","1976 to 1962",29
21191,2118,"1:1","1976 to 1962",NA
21199,2119,"1:1","1976 to 1962",NA
21201,2120,"n:1","1976 to 1962",30
21209,2120,"n:1","1976 to 1962",30
23201,2311,"n:1","1976 to 1962",32
23202,2311,"n:1","1976 to 1962",32
23203,2311,"n:1","1976 to 1962",32
23311,2312,"n:1","1976 to 1962",33
23312,2312,"n:1","1976 to 1962",33
23313,2312,"n:1","1976 to 1962",33
23314,2312,"n:1","1976 to 1962",33
23315,2312,"n:1","1976 to 1962",33
23316,2312,"n:1","1976 to 1962",33
23319,2312,"n:1","1976 to 1962",33
23321,2313,"1:1","1976 to 1962",NA
23322,2314,"1:1","1976 to 1962",NA
24401,24401,"1:1","1976 to 1962",NA
24402,24402,"1:1","1976 to 1962",NA
24501,2411,"n:1","1976 to 1962",34
24502,2412,"1:1","1976 to 1962",NA
24601,2421,"1:1","1976 to 1962",NA
24602,63183,"n:1","1976 to 1962",35
24603,2411,"n:1","1976 to 1962",34
24711,24221,"1:1","1976 to 1962",NA
24712,24222,"1:1","1976 to 1962",NA
24721,24231,"1:1","1976 to 1962",NA
24722,24232,"1:1","1976 to 1962",NA
24821,24321,"1:1","1976 to 1962",NA
24822,24322,"1:1","1976 to 1962",NA
24831,24331,"1:1","1976 to 1962",NA
24832,24332,"1:1","1976 to 1962",NA
25171,25171,"1:1","1976 to 1962",NA
25172,25172,"1:1","1976 to 1962",NA
25181,25181,"1:1","1976 to 1962",NA
25182,25182,"1:1","1976 to 1962",NA
25191,2519,"1:1","1976 to 1962",NA
25192,2515,"1:1","1976 to 1962",NA
26141,2611,"1:1","1976 to 1962",NA
26142,2612,"1:1","1976 to 1962",NA
26511,2651,"n:1","1976 to 1962",37
26512,2651,"n:1","1976 to 1962",37
26513,2651,"n:1","1976 to 1962",37
26514,2653,"1:1","1976 to 1962",NA
26591,2658,"n:1","1976 to 1962",36
26599,2640,"n:1","1976 to 1962",36
26651,26621,"n:1","1976 to 1962",38
26652,26621,"n:1","1976 to 1962",38
26653,26621,"n:1","1976 to 1962",38
26659,26621,"n:1","1976 to 1962",38
26661,26622,"n:1","1976 to 1962",39
26662,26622,"n:1","1976 to 1962",39
26663,26622,"n:1","1976 to 1962",39
26669,26622,"n:1","1976 to 1962",39
26671,26623,"n:1","1976 to 1962",40
26672,26623,"n:1","1976 to 1962",40
26673,26623,"n:1","1976 to 1962",40
26679,26623,"n:1","1976 to 1962",40
26711,26631,"1:1","1976 to 1962",NA
26712,26632,"1:1","1976 to 1962",NA
26713,26633,"1:1","1976 to 1962",NA
26721,2664,"n:1","1976 to 1962",41
26722,2664,"n:1","1976 to 1962",41
26851,26251,"1:1","1976 to 1962",NA
26859,26259,"1:1","1976 to 1962",NA
26861,2629,"1:1","1976 to 1962",NA
26862,2626,"1:1","1976 to 1962",NA
26901,26701,"1:1","1976 to 1962",NA
26902,26702,"1:1","1976 to 1962",NA
27131,2713,"n:1","1976 to 1962",42
27132,2713,"n:1","1976 to 1962",42
27311,27311,"1:1","1976 to 1962",NA
27312,27312,"1:1","1976 to 1962",NA
27313,27313,"1:1","1976 to 1962",NA
27322,27322,"1:1","1976 to 1962",NA
27323,27321,"n:1","1976 to 1962",43
27324,27321,"n:1","1976 to 1962",43
27721,27521,"1:1","1976 to 1962",NA
27722,27523,"1:1","1976 to 1962",NA
27821,27621,"1:1","1976 to 1962",NA
27822,27622,"1:1","1976 to 1962",NA
27823,27623,"1:1","1976 to 1962",NA
27824,27624,"1:1","1976 to 1962",NA
27851,27651,"1:1","1976 to 1962",NA
27852,27652,"1:1","1976 to 1962",NA
27853,27653,"1:1","1976 to 1962",NA
27854,27654,"1:1","1976 to 1962",NA
27861,27661,"1:1","1976 to 1962",NA
27862,27662,"1:1","1976 to 1962",NA
27891,27691,"1:1","1976 to 1962",NA
27892,27693,"1:1","1976 to 1962",NA
27893,27695,"1:1","1976 to 1962",NA
27894,27697,"1:1","1976 to 1962",NA
27895,27522,"1:1","1976 to 1962",NA
27896,2761,"1:1","1976 to 1962",NA
27899,27692,"1:n","1976 to 1962",NA
27899,27694,"1:n","1976 to 1962",NA
27899,27696,"1:n","1976 to 1962",NA
27899,27699,"1:n","1976 to 1962",NA
28201,2820,"n:1","1976 to 1962",45
28202,2820,"n:1","1976 to 1962",45
28209,2820,"n:1","1976 to 1962",45
28711,28311,"1:1","1976 to 1962",NA
28712,28312,"1:n","1976 to 1962",46
28712,68211,"n:n","1976 to 1962",46
28721,28321,"1:1","1976 to 1962",NA
28722,28322,"1:1","1976 to 1962",NA
28731,2833,"1:1","1976 to 1962",NA
28732,51365,"n:1","1976 to 1962",47
28791,28391,"1:1","1976 to 1962",NA
28792,28392,"1:1","1976 to 1962",NA
28793,28393,"1:1","1976 to 1962",NA
28799,28399,"1:1","1976 to 1962",NA
28821,28402,"1:1","1976 to 1962",NA
28822,28403,"1:1","1976 to 1962",NA
28823,28404,"1:1","1976 to 1962",NA
28824,28406,"1:1","1976 to 1962",NA
28825,28407,"1:1","1976 to 1962",NA
28826,28409,"1:1","1976 to 1962",NA
28901,28501,"1:1","1976 to 1962",NA
28902,28502,"1:1","1976 to 1962",NA
29111,29111,"1:1","1976 to 1962",NA
29115,29115,"1:1","1976 to 1962",NA
29116,29112,"1:n","1976 to 1962",NA
29116,29113,"1:n","1976 to 1962",NA
29116,29114,"1:n","1976 to 1962",NA
29191,29191,"1:1","1976 to 1962",NA
29192,29192,"1:1","1976 to 1962",NA
29193,29193,"1:1","1976 to 1962",NA
29194,29194,"1:1","1976 to 1962",NA
29196,29196,"1:1","1976 to 1962",NA
29197,29197,"1:1","1976 to 1962",NA
29198,29198,"1:1","1976 to 1962",NA
29199,29195,"1:n","1976 to 1962",7
29199,29199,"n:n","1976 to 1962",7
29261,29261,"1:1","1976 to 1962",NA
29269,29269,"1:1","1976 to 1962",NA
29271,29271,"1:1","1976 to 1962",NA
29272,29272,"1:1","1976 to 1962",NA
29291,29291,"1:1","1976 to 1962",NA
29292,29292,"1:1","1976 to 1962",NA
29293,29293,"1:1","1976 to 1962",NA
29298,2921,"1:n","1976 to 1962",NA
29298,29294,"1:n","1976 to 1962",NA
29298,29299,"1:n","1976 to 1962",NA
32311,3215,"1:1","1976 to 1962",NA
32312,3216,"n:1","1976 to 1962",49
32313,3217,"n:1","1976 to 1962",50
32321,3218,"n:n","1976 to 1962",51
32321,51328,"1:n","1976 to 1962",51
32322,3218,"n:1","1976 to 1962",51
33411,3321,"n:1","1976 to 1962",52
33412,3322,"n:1","1976 to 1962",53
33419,3321,"n:1","1976 to 1962",52
33421,3322,"n:1","1976 to 1962",53
33429,3322,"n:1","1976 to 1962",53
33451,33251,"1:n","1976 to 1962",NA
33451,33291,"1:n","1976 to 1962",NA
33452,33252,"1:1","1976 to 1962",NA
33511,33261,"1:1","1976 to 1962",NA
33512,33262,"1:1","1976 to 1962",NA
33521,5211,"1:1","1976 to 1962",NA
33522,5214,"n:1","1976 to 1962",54
33523,5214,"n:1","1976 to 1962",54
33524,5214,"n:1","1976 to 1962",54
33525,5214,"n:1","1976 to 1962",54
33531,33292,"1:1","1976 to 1962",NA
33532,33293,"1:1","1976 to 1962",NA
33541,33295,"1:1","1976 to 1962",NA
33542,33294,"1:1","1976 to 1962",NA
33543,33296,"1:1","1976 to 1962",NA
34131,3411,"n:1","1976 to 1962",55
34139,3411,"n:1","1976 to 1962",55
41111,4111,"n:1","1976 to 1962",56
41112,4111,"n:1","1976 to 1962",56
41113,4111,"n:1","1976 to 1962",56
41131,41131,"1:1","1976 to 1962",NA
41132,41132,"1:1","1976 to 1962",NA
41133,41133,"1:1","1976 to 1962",NA
41134,41134,"1:1","1976 to 1962",NA
41139,41139,"1:1","1976 to 1962",NA
42391,4217,"1:1","1976 to 1962",NA
42392,4229,"n:1","1976 to 1962",57
43131,43131,"1:1","1976 to 1962",NA
43133,41135,"1:n","1976 to 1962",NA
43133,43132,"1:n","1976 to 1962",NA
43143,43143,"1:1","1976 to 1962",NA
43144,43141,"1:n","1976 to 1962",NA
43144,43142,"1:n","1976 to 1962",NA
51111,51212,"n:1","1976 to 1962",58
51112,51212,"n:1","1976 to 1962",58
51113,51212,"n:1","1976 to 1962",58
51119,51212,"n:1","1976 to 1962",58
51121,51212,"n:1","1976 to 1962",58
51122,51212,"n:1","1976 to 1962",58
51123,51212,"n:1","1976 to 1962",58
51124,51212,"n:1","1976 to 1962",58
51125,51211,"1:1","1976 to 1962",NA
51126,51212,"n:1","1976 to 1962",58
51129,51212,"n:1","1976 to 1962",58
51131,51213,"n:1","1976 to 1962",59
51132,51213,"n:1","1976 to 1962",59
51133,51213,"n:1","1976 to 1962",59
51139,51213,"n:1","1976 to 1962",59
51211,51221,"1:1","1976 to 1962",NA
51212,51222,"n:1","1976 to 1962",60
51213,51222,"n:1","1976 to 1962",60
51214,51222,"n:1","1976 to 1962",60
51215,51222,"n:1","1976 to 1962",60
51216,51224,"1:1","1976 to 1962",NA
51217,51225,"1:1","1976 to 1962",NA
51218,51226,"1:1","1976 to 1962",NA
51219,51222,"n:1","1976 to 1962",60
51234,51227,"n:1","1976 to 1962",61
51235,51227,"n:1","1976 to 1962",61
51236,51227,"n:1","1976 to 1962",61
51237,51228,"1:1","1976 to 1962",NA
51371,51251,"n:1","1976 to 1962",62
51372,51251,"n:1","1976 to 1962",62
51373,51251,"n:1","1976 to 1962",62
51379,51251,"n:1","1976 to 1962",62
51381,51252,"n:1","1976 to 1962",63
51382,51252,"n:1","1976 to 1962",63
51383,51252,"n:1","1976 to 1962",63
51384,51252,"n:1","1976 to 1962",63
51389,51252,"n:1","1976 to 1962",63
51481,51273,"1:1","1976 to 1962",NA
51482,51275,"1:1","1976 to 1962",NA
51483,51276,"n:1","1976 to 1962",65
51484,51276,"n:1","1976 to 1962",65
51485,51277,"1:1","1976 to 1962",NA
51486,51278,"1:1","1976 to 1962",NA
51489,51279,"1:1","1976 to 1962",NA
51551,51283,"1:1","1976 to 1962",NA
51559,51282,"1:n","1976 to 1962",NA
51559,51284,"1:n","1976 to 1962",NA
51561,51285,"n:1","1976 to 1962",66
51569,51285,"n:1","1976 to 1962",66
51571,51286,"1:1","1976 to 1962",NA
51572,51287,"1:1","1976 to 1962",NA
51611,51231,"1:1","1976 to 1962",NA
51612,51233,"1:1","1976 to 1962",NA
51613,51232,"n:1","1976 to 1962",67
51614,51232,"n:1","1976 to 1962",67
51619,51232,"n:1","1976 to 1962",67
51621,51241,"1:1","1976 to 1962",NA
51622,51242,"1:1","1976 to 1962",NA
51623,51243,"n:1","1976 to 1962",68
51624,51243,"n:1","1976 to 1962",68
51629,51243,"n:1","1976 to 1962",68
51631,51263,"1:1","1976 to 1962",NA
51639,51261,"1:n","1976 to 1962",NA
51639,51262,"1:n","1976 to 1962",NA
51639,51264,"1:n","1976 to 1962",NA
51639,51269,"1:n","1976 to 1962",NA
51691,51291,"1:1","1976 to 1962",NA
51692,51292,"1:1","1976 to 1962",NA
51699,51299,"1:1","1976 to 1962",NA
52211,51311,"1:n","1976 to 1962",NA
52211,51312,"1:n","1976 to 1962",NA
52211,51313,"1:n","1976 to 1962",NA
52212,51324,"1:1","1976 to 1962",NA
52213,51321,"1:1","1976 to 1962",NA
52214,51322,"1:1","1976 to 1962",NA
52215,51323,"1:1","1976 to 1962",NA
52216,51325,"1:1","1976 to 1962",NA
52217,51326,"1:1","1976 to 1962",NA
52218,51327,"1:1","1976 to 1962",NA
52221,51331,"1:1","1976 to 1962",NA
52222,51333,"1:1","1976 to 1962",NA
52223,51334,"1:1","1976 to 1962",NA
52224,51335,"1:1","1976 to 1962",NA
52225,51337,"1:1","1976 to 1962",NA
52229,51332,"1:n","1976 to 1962",NA
52229,51336,"1:n","1976 to 1962",NA
52229,51339,"1:n","1976 to 1962",NA
52231,51341,"1:1","1976 to 1962",NA
52232,51342,"1:1","1976 to 1962",NA
52241,51351,"1:1","1976 to 1962",NA
52242,51367,"1:1","1976 to 1962",NA
52243,51352,"1:1","1976 to 1962",NA
52244,51353,"1:1","1976 to 1962",NA
52245,51354,"1:1","1976 to 1962",NA
52246,51355,"1:1","1976 to 1962",NA
52247,51356,"1:1","1976 to 1962",NA
52251,51361,"1:1","1976 to 1962",NA
52252,51362,"n:1","1976 to 1962",69
52253,51362,"n:1","1976 to 1962",69
52254,51363,"1:1","1976 to 1962",NA
52255,51364,"1:1","1976 to 1962",NA
52256,51365,"n:1","1976 to 1962",47
52257,51366,"1:1","1976 to 1962",NA
52259,51368,"1:n","1976 to 1962",NA
52259,51369,"1:n","1976 to 1962",NA
52311,51411,"1:1","1976 to 1962",NA
52312,51412,"1:1","1976 to 1962",NA
52313,51413,"1:1","1976 to 1962",NA
52314,51414,"1:1","1976 to 1962",NA
52315,51421,"1:1","1976 to 1962",NA
52316,51422,"1:1","1976 to 1962",NA
52317,51423,"1:1","1976 to 1962",NA
52318,51424,"n:1","1976 to 1962",70
52319,51424,"n:1","1976 to 1962",70
52321,51425,"1:1","1976 to 1962",NA
52322,51426,"1:1","1976 to 1962",NA
52323,51428,"1:1","1976 to 1962",NA
52324,51429,"1:1","1976 to 1962",NA
52325,51431,"1:1","1976 to 1962",NA
52326,51432,"1:1","1976 to 1962",NA
52327,51433,"1:1","1976 to 1962",NA
52328,51434,"1:1","1976 to 1962",NA
52329,51415,"1:n","1976 to 1962",NA
52329,51416,"1:n","1976 to 1962",NA
52329,51427,"1:n","1976 to 1962",NA
52329,51436,"1:n","1976 to 1962",NA
52331,51435,"1:1","1976 to 1962",NA
52332,51437,"1:1","1976 to 1962",NA
52391,51492,"1:1","1976 to 1962",NA
52392,51493,"1:1","1976 to 1962",NA
52393,51494,"1:1","1976 to 1962",NA
52394,51495,"1:1","1976 to 1962",NA
52395,51496,"1:1","1976 to 1962",NA
52399,51491,"1:n","1976 to 1962",NA
52399,51499,"1:n","1976 to 1962",NA
52491,5152,"1:1","1976 to 1962",NA
52492,5153,"1:1","1976 to 1962",NA
53121,53101,"n:1","1976 to 1962",71
53122,53102,"1:1","1976 to 1962",NA
53221,5324,"1:n","1976 to 1962",NA
53221,5325,"1:n","1976 to 1962",NA
53222,5321,"1:1","1976 to 1962",NA
53341,53332,"n:1","1976 to 1962",72
53342,53332,"n:1","1976 to 1962",72
53343,53332,"n:1","1976 to 1962",72
53344,53332,"n:1","1976 to 1962",72
53351,53331,"1:1","1976 to 1962",NA
53352,53333,"1:1","1976 to 1962",NA
53353,53334,"1:1","1976 to 1962",NA
53354,53335,"1:1","1976 to 1962",NA
54131,5413,"n:1","1976 to 1962",73
54132,5413,"n:1","1976 to 1962",73
54133,5413,"n:1","1976 to 1962",73
54139,5413,"n:1","1976 to 1962",73
54151,5415,"n:1","1976 to 1962",74
54152,5415,"n:1","1976 to 1962",74
54153,5415,"n:1","1976 to 1962",74
54159,5415,"n:1","1976 to 1962",74
54161,54161,"1:1","1976 to 1962",NA
54162,54162,"1:1","1976 to 1962",NA
54164,54163,"n:1","1976 to 1962",75
54165,54163,"n:1","1976 to 1962",75
54171,5417,"n:1","1976 to 1962",76
54172,5417,"n:1","1976 to 1962",76
54173,5417,"n:1","1976 to 1962",76
54179,5417,"n:1","1976 to 1962",76
54191,54191,"1:1","1976 to 1962",NA
54199,54199,"1:1","1976 to 1962",NA
56211,5611,"n:n","1976 to 1962",64
56211,51274,"n:n","1976 to 1962",64
56212,5611,"n:n","1976 to 1962",64
56212,51274,"n:n","1976 to 1962",64
56213,5611,"n:n","1976 to 1962",64
56213,51274,"n:n","1976 to 1962",64
56214,5611,"n:n","1976 to 1962",64
56214,51274,"n:n","1976 to 1962",64
56215,5611,"n:n","1976 to 1962",64
56215,51274,"n:n","1976 to 1962",64
56216,5611,"n:n","1976 to 1962",64
56216,51274,"n:n","1976 to 1962",64
56219,5611,"n:n","1976 to 1962",64
56219,51274,"n:n","1976 to 1962",64
56221,56121,"1:1","1976 to 1962",NA
56222,56129,"n:1","1976 to 1962",77
56229,56129,"n:1","1976 to 1962",77
56231,5613,"n:1","1976 to 1962",78
56232,5613,"n:1","1976 to 1962",78
56239,5613,"n:1","1976 to 1962",78
56291,5619,"n:1","1976 to 1962",79
56292,5619,"n:1","1976 to 1962",79
56293,5619,"n:1","1976 to 1962",79
56299,5619,"n:1","1976 to 1962",79
57211,57111,"1:1","1976 to 1962",NA
57212,57112,"1:1","1976 to 1962",NA
58211,5811,"n:1","1976 to 1962",80
58212,5811,"n:1","1976 to 1962",80
58219,5811,"n:1","1976 to 1962",80
58221,5811,"n:1","1976 to 1962",80
58222,5811,"n:1","1976 to 1962",80
58229,5811,"n:1","1976 to 1962",80
58231,5811,"n:1","1976 to 1962",80
58232,5811,"n:1","1976 to 1962",80
58239,5811,"n:1","1976 to 1962",80
58241,5811,"n:1","1976 to 1962",80
58242,5811,"n:1","1976 to 1962",80
58249,5811,"n:1","1976 to 1962",80
58251,5811,"n:1","1976 to 1962",80
58259,5811,"n:1","1976 to 1962",80
58261,5811,"n:1","1976 to 1962",80
58269,5811,"n:1","1976 to 1962",80
58311,5812,"n:1","1976 to 1962",81
58312,5812,"n:1","1976 to 1962",81
58313,5812,"n:1","1976 to 1962",81
58319,5812,"n:1","1976 to 1962",81
58321,5812,"n:1","1976 to 1962",81
58322,5812,"n:1","1976 to 1962",81
58329,5812,"n:1","1976 to 1962",81
58331,5812,"n:1","1976 to 1962",81
58332,5812,"n:1","1976 to 1962",81
58333,5812,"n:1","1976 to 1962",81
58339,5812,"n:1","1976 to 1962",81
58341,5812,"n:1","1976 to 1962",81
58342,5812,"n:1","1976 to 1962",81
58343,5812,"n:1","1976 to 1962",81
58349,5812,"n:1","1976 to 1962",81
58351,5812,"n:1","1976 to 1962",81
58352,5812,"n:1","1976 to 1962",81
58353,5812,"n:1","1976 to 1962",81
58359,5812,"n:1","1976 to 1962",81
58361,5812,"n:1","1976 to 1962",81
58362,5812,"n:1","1976 to 1962",81
58369,5812,"n:1","1976 to 1962",81
58421,58132,"n:1","1976 to 1962",82
58422,58132,"n:1","1976 to 1962",82
58431,58132,"n:1","1976 to 1962",82
58432,58132,"n:1","1976 to 1962",82
58491,58132,"n:1","1976 to 1962",82
58492,58132,"n:1","1976 to 1962",82
58493,58131,"1:1","1976 to 1962",NA
58521,58191,"1:1","1976 to 1962",NA
58522,58199,"n:1","1976 to 1962",83
58529,58199,"n:1","1976 to 1962",83
59141,5992,"n:1","1976 to 1962",84
59149,5992,"n:1","1976 to 1962",84
59211,59951,"1:1","1976 to 1962",NA
59212,59952,"1:1","1976 to 1962",NA
59221,59953,"1:1","1976 to 1962",NA
59222,59954,"1:1","1976 to 1962",NA
59223,59955,"1:1","1976 to 1962",NA
59224,59956,"1:1","1976 to 1962",NA
59225,59957,"1:1","1976 to 1962",NA
59229,59959,"1:1","1976 to 1962",NA
59811,59961,"1:1","1976 to 1962",NA
59812,59962,"1:1","1976 to 1962",NA
59813,59963,"1:1","1976 to 1962",NA
59814,59964,"1:1","1976 to 1962",NA
59819,59965,"1:n","1976 to 1962",NA
59819,59966,"1:n","1976 to 1962",NA
59831,59971,"1:1","1976 to 1962",NA
59832,59972,"1:1","1976 to 1962",NA
59833,59976,"1:1","1976 to 1962",NA
59891,59974,"1:1","1976 to 1962",NA
59892,59973,"1:n","1976 to 1962",NA
59892,59992,"1:n","1976 to 1962",NA
59893,59977,"1:1","1976 to 1962",NA
59894,59978,"1:1","1976 to 1962",NA
59895,59991,"1:1","1976 to 1962",NA
59896,59994,"1:1","1976 to 1962",NA
59897,59995,"1:1","1976 to 1962",NA
59898,5213,"n:n","1976 to 1962",85
59898,59999,"n:n","1976 to 1962",85
59899,5213,"n:n","1976 to 1962",85
59899,59999,"n:n","1976 to 1962",85
61161,61192,"1:1","1976 to 1962",NA
61169,61199,"1:1","1976 to 1962",NA
61181,61193,"1:1","1976 to 1962",NA
61183,61195,"1:1","1976 to 1962",NA
62101,62101,"1:1","1976 to 1962",NA
62102,62102,"1:1","1976 to 1962",NA
62103,62103,"1:1","1976 to 1962",NA
62104,62104,"1:1","1976 to 1962",NA
62105,62105,"1:1","1976 to 1962",NA
62106,62106,"1:1","1976 to 1962",NA
62591,6291,"n:1","1976 to 1962",86
62599,6291,"n:1","1976 to 1962",86
62898,62998,"1:1","1976 to 1962",NA
62899,62999,"1:1","1976 to 1962",NA
63301,63301,"1:1","1976 to 1962",NA
63302,63302,"1:1","1976 to 1962",NA
63431,63141,"1:1","1976 to 1962",NA
63432,63142,"1:1","1976 to 1962",NA
63441,63121,"n:1","1976 to 1962",87
63442,63121,"n:1","1976 to 1962",87
63443,63122,"1:1","1976 to 1962",NA
63491,63183,"n:n","1976 to 1962",35
63491,63184,"1:n","1976 to 1962",35
63491,63185,"n:n","1976 to 1962",35
63492,63187,"1:1","1976 to 1962",NA
63493,63186,"1:1","1976 to 1962",NA
63541,63271,"1:1","1976 to 1962",NA
63542,63272,"1:1","1976 to 1962",NA
63549,63273,"1:1","1976 to 1962",NA
63591,63281,"1:1","1976 to 1962",NA
63592,63282,"1:1","1976 to 1962",NA
63599,63181,"1:n","1976 to 1962",35
63599,63185,"n:n","1976 to 1962",35
63599,63289,"1:n","1976 to 1962",35
64121,6417,"1:n","1976 to 1962",NA
64121,64121,"1:n","1976 to 1962",NA
64122,64122,"1:n","1976 to 1962",NA
64122,64194,"1:n","1976 to 1962",NA
64131,6413,"n:1","1976 to 1962",88
64132,6413,"n:1","1976 to 1962",88
64139,6413,"n:1","1976 to 1962",88
64151,6414,"n:n","1976 to 1962",89
64151,6415,"n:n","1976 to 1962",89
64152,6414,"n:n","1976 to 1962",89
64152,6415,"n:n","1976 to 1962",89
64153,6414,"n:n","1976 to 1962",89
64153,64191,"1:n","1976 to 1962",89
64159,6414,"n:n","1976 to 1962",89
64159,6415,"n:n","1976 to 1962",89
64161,6416,"n:1","1976 to 1962",90
64162,6416,"n:1","1976 to 1962",90
64171,64193,"n:1","1976 to 1962",91
64172,64193,"n:1","1976 to 1962",91
64173,64193,"n:1","1976 to 1962",91
64174,64193,"n:1","1976 to 1962",91
64181,64195,"n:1","1976 to 1962",92
64182,64195,"n:1","1976 to 1962",92
64189,64195,"n:1","1976 to 1962",92
64192,64192,"1:1","1976 to 1962",NA
64196,64196,"1:1","1976 to 1962",NA
64197,64197,"1:1","1976 to 1962",NA
64241,64291,"1:1","1976 to 1962",NA
64242,64292,"1:1","1976 to 1962",NA
64243,64293,"n:1","1976 to 1962",93
64244,64293,"n:1","1976 to 1962",93
64249,64293,"n:1","1976 to 1962",93
64281,64294,"1:1","1976 to 1962",NA
64282,64299,"n:1","1976 to 1962",94
64283,64299,"n:1","1976 to 1962",94
64284,64299,"n:1","1976 to 1962",94
64285,64299,"n:1","1976 to 1962",94
64289,64299,"n:1","1976 to 1962",94
65111,65111,"1:1","1976 to 1962",NA
65116,65112,"1:1","1976 to 1962",NA
65117,65114,"1:1","1976 to 1962",NA
65121,2628,"1:1","1976 to 1962",NA
65122,65121,"n:1","1976 to 1962",95
65123,65122,"n:1","1976 to 1962",96
65124,65123,"1:1","1976 to 1962",NA
65125,65124,"1:1","1976 to 1962",NA
65126,65125,"n:1","1976 to 1962",97
65127,65121,"n:1","1976 to 1962",95
65128,65122,"n:1","1976 to 1962",96
65129,65125,"n:1","1976 to 1962",97
65131,6513,"n:1","1976 to 1962",98
65132,6513,"n:1","1976 to 1962",98
65133,6513,"n:1","1976 to 1962",98
65134,6513,"n:1","1976 to 1962",98
65135,65161,"n:1","1976 to 1962",99
65141,65161,"n:1","1976 to 1962",99
65142,65161,"n:1","1976 to 1962",99
65143,65161,"n:1","1976 to 1962",99
65144,65161,"n:1","1976 to 1962",99
65145,65161,"n:1","1976 to 1962",99
65146,65161,"n:1","1976 to 1962",99
65147,65161,"n:1","1976 to 1962",99
65148,65164,"n:1","1976 to 1962",100
65149,65162,"1:1","1976 to 1962",NA
65151,65163,"1:1","1976 to 1962",NA
65152,65165,"n:1","1976 to 1962",101
65166,65164,"n:1","1976 to 1962",100
65167,65164,"n:1","1976 to 1962",100
65168,65164,"n:1","1976 to 1962",100
65169,65165,"n:1","1976 to 1962",101
65171,65171,"n:1","1976 to 1962",102
65172,65171,"n:1","1976 to 1962",102
65173,65171,"n:1","1976 to 1962",102
65174,65174,"n:1","1976 to 1962",103
65175,65174,"n:1","1976 to 1962",103
65176,65174,"n:1","1976 to 1962",103
65177,65174,"n:1","1976 to 1962",103
65178,65172,"1:1","1976 to 1962",NA
65181,65173,"1:1","1976 to 1962",NA
65182,65175,"1:1","1976 to 1962",NA
65191,65191,"1:1","1976 to 1962",NA
65195,6518,"1:1","1976 to 1962",NA
65196,65151,"1:1","1976 to 1962",NA
65197,65152,"1:1","1976 to 1962",NA
65198,65192,"1:n","1976 to 1962",104
65198,65193,"n:n","1976 to 1962",104
65199,65153,"1:n","1976 to 1962",104
65199,65193,"n:n","1976 to 1962",104
65199,65194,"1:n","1976 to 1962",104
65211,65211,"1:1","1976 to 1962",NA
65212,65212,"1:1","1976 to 1962",NA
65214,65213,"n:1","1976 to 1962",105
65215,65213,"n:1","1976 to 1962",105
65221,65221,"1:1","1976 to 1962",NA
65222,65222,"1:1","1976 to 1962",NA
65223,65223,"1:1","1976 to 1962",NA
65224,65229,"n:1","1976 to 1962",106
65225,65229,"n:1","1976 to 1962",106
65314,65351,"n:1","1976 to 1962",107
65315,65351,"n:1","1976 to 1962",107
65316,65351,"n:1","1976 to 1962",107
65341,65352,"n:1","1976 to 1962",108
65342,65352,"n:1","1976 to 1962",108
65343,65352,"n:1","1976 to 1962",108
65349,65352,"n:1","1976 to 1962",108
65354,65361,"n:1","1976 to 1962",109
65355,65361,"n:1","1976 to 1962",109
65356,65361,"n:1","1976 to 1962",109
65381,65362,"n:1","1976 to 1962",110
65382,65362,"n:1","1976 to 1962",110
65383,65362,"n:1","1976 to 1962",110
65389,65362,"n:1","1976 to 1962",110
65397,65353,"1:1","1976 to 1962",NA
65398,65363,"1:1","1976 to 1962",NA
65421,65321,"n:1","1976 to 1962",111
65422,65321,"n:1","1976 to 1962",111
65431,65321,"n:1","1976 to 1962",111
65432,65321,"n:1","1976 to 1962",111
65433,65321,"n:1","1976 to 1962",111
65434,65322,"1:1","1976 to 1962",NA
65491,65391,"1:1","1976 to 1962",NA
65492,65392,"1:n","1976 to 1962",NA
65492,65393,"1:n","1976 to 1962",NA
65498,65332,"1:n","1976 to 1962",112
65498,65394,"n:n","1976 to 1962",112
65498,65395,"1:n","1976 to 1962",112
65499,65313,"1:n","1976 to 1962",NA
65499,65396,"1:n","1976 to 1962",NA
65521,6537,"n:1","1976 to 1962",113
65522,6537,"n:1","1976 to 1962",113
65523,6537,"n:1","1976 to 1962",113
65529,6537,"n:1","1976 to 1962",113
65601,65401,"1:1","1976 to 1962",NA
65602,65402,"1:1","1976 to 1962",NA
65603,65403,"1:1","1976 to 1962",NA
65604,65404,"1:1","1976 to 1962",NA
65605,65405,"1:1","1976 to 1962",NA
65606,65406,"1:1","1976 to 1962",NA
65731,65542,"1:1","1976 to 1962",NA
65732,65543,"1:1","1976 to 1962",NA
65733,65545,"1:1","1976 to 1962",NA
65739,65544,"1:n","1976 to 1962",NA
65739,65546,"1:n","1976 to 1962",NA
65751,65561,"1:1","1976 to 1962",NA
65752,65562,"1:1","1976 to 1962",NA
65759,65563,"1:1","1976 to 1962",NA
65761,65571,"1:1","1976 to 1962",NA
65762,65572,"1:1","1976 to 1962",NA
65771,65581,"1:1","1976 to 1962",NA
65772,65582,"1:1","1976 to 1962",NA
65773,65583,"1:1","1976 to 1962",NA
65791,65591,"1:1","1976 to 1962",NA
65792,65592,"1:1","1976 to 1962",NA
65821,6562,"n:1","1976 to 1962",116
65829,6562,"n:1","1976 to 1962",116
65831,65661,"n:1","1976 to 1962",117
65832,65662,"n:1","1976 to 1962",117
65833,65669,"n:1","1976 to 1962",117
65839,65669,"n:1","1976 to 1962",117
65841,65691,"n:1","1976 to 1962",118
65842,65691,"n:1","1976 to 1962",118
65843,65691,"n:1","1976 to 1962",118
65844,65691,"n:1","1976 to 1962",118
65845,65691,"n:1","1976 to 1962",118
65846,65691,"n:1","1976 to 1962",118
65848,65691,"n:1","1976 to 1962",118
65849,65691,"n:1","1976 to 1962",118
65891,6577,"1:1","1976 to 1962",NA
65898,84144,"n:1","1976 to 1962",119
65899,65692,"1:1","1976 to 1962",NA
65911,65741,"1:1","1976 to 1962",NA
65912,65742,"1:1","1976 to 1962",NA
65921,6575,"n:1","1976 to 1962",120
65929,6575,"n:1","1976 to 1962",120
65941,6576,"n:1","1976 to 1962",121
65942,6576,"n:1","1976 to 1962",121
65949,6576,"n:1","1976 to 1962",121
65951,6576,"n:1","1976 to 1962",121
65952,6576,"n:1","1976 to 1962",121
65959,6576,"n:1","1976 to 1962",121
65961,6576,"n:1","1976 to 1962",121
65962,6576,"n:1","1976 to 1962",121
65963,6551,"n:1","1976 to 1962",115
66131,66131,"1:1","1976 to 1962",NA
66132,66132,"1:1","1976 to 1962",NA
66133,66133,"1:1","1976 to 1962",NA
66181,66181,"1:1","1976 to 1962",NA
66182,66182,"1:1","1976 to 1962",NA
66183,66183,"1:1","1976 to 1962",NA
66231,66231,"1:1","1976 to 1962",NA
66232,66232,"1:1","1976 to 1962",NA
66233,66233,"1:1","1976 to 1962",NA
66241,66241,"1:1","1976 to 1962",NA
66242,66242,"1:1","1976 to 1962",NA
66243,66243,"1:1","1976 to 1962",NA
66244,66244,"1:1","1976 to 1962",NA
66245,66245,"1:1","1976 to 1962",NA
66331,66361,"1:1","1976 to 1962",NA
66332,66362,"1:1","1976 to 1962",NA
66333,6634,"1:1","1976 to 1962",NA
66339,66363,"1:1","1976 to 1962",NA
66381,66381,"1:1","1976 to 1962",NA
66382,66382,"1:1","1976 to 1962",NA
66391,66391,"1:1","1976 to 1962",NA
66392,66392,"1:1","1976 to 1962",NA
66414,66411,"1:n","1976 to 1962",122
66414,66412,"n:n","1976 to 1962",122
66415,66412,"n:n","1976 to 1962",122
66415,66413,"1:n","1976 to 1962",122
66491,66491,"1:1","1976 to 1962",NA
66492,66492,"1:1","1976 to 1962",NA
66493,66493,"1:1","1976 to 1962",NA
66494,66494,"1:1","1976 to 1962",NA
66511,66511,"1:1","1976 to 1962",NA
66512,66512,"1:1","1976 to 1962",NA
66581,66581,"1:1","1976 to 1962",NA
66582,66582,"1:1","1976 to 1962",NA
66589,66589,"1:1","1976 to 1962",NA
66721,6672,"n:1","1976 to 1962",123
66722,6672,"n:1","1976 to 1962",123
66729,6672,"n:1","1976 to 1962",123
67131,67131,"1:1","1976 to 1962",NA
67132,67132,"1:1","1976 to 1962",NA
67133,67133,"1:1","1976 to 1962",NA
67161,6714,"1:1","1976 to 1962",NA
67162,6715,"n:1","1976 to 1962",124
67169,6715,"n:1","1976 to 1962",124
67241,67231,"1:1","1976 to 1962",NA
67242,67232,"1:1","1976 to 1962",NA
67243,67233,"n:1","1976 to 1962",125
67244,67233,"n:1","1976 to 1962",125
67245,6721,"1:1","1976 to 1962",NA
67251,67251,"1:1","1976 to 1962",NA
67252,67252,"1:1","1976 to 1962",NA
67254,67253,"n:1","1976 to 1962",126
67255,67253,"n:1","1976 to 1962",126
67271,67271,"1:1","1976 to 1962",NA
67272,67272,"1:1","1976 to 1962",NA
67274,67273,"n:1","1976 to 1962",127
67275,67273,"n:1","1976 to 1962",127
67311,67311,"1:1","1976 to 1962",NA
67312,67312,"1:1","1976 to 1962",NA
67314,67313,"n:1","1976 to 1962",128
67315,67313,"n:1","1976 to 1962",128
67322,67322,"1:1","1976 to 1962",NA
67324,67323,"n:1","1976 to 1962",129
67325,67323,"n:1","1976 to 1962",129
67326,67321,"n:1","1976 to 1962",130
67327,67321,"n:1","1976 to 1962",130
67331,67341,"n:n","1976 to 1962",131
67331,67351,"n:n","1976 to 1962",131
67332,67341,"n:n","1976 to 1962",131
67332,67351,"n:n","1976 to 1962",131
67333,67341,"n:n","1976 to 1962",131
67333,67351,"n:n","1976 to 1962",131
67334,67341,"n:n","1976 to 1962",131
67334,67351,"n:n","1976 to 1962",131
67335,67341,"n:n","1976 to 1962",131
67335,67351,"n:n","1976 to 1962",131
67336,67341,"n:n","1976 to 1962",131
67336,67351,"n:n","1976 to 1962",131
67337,67342,"1:n","1976 to 1962",NA
67337,67352,"1:n","1976 to 1962",NA
67338,67343,"n:n","1976 to 1962",132
67338,67353,"n:n","1976 to 1962",132
67339,67343,"n:n","1976 to 1962",132
67339,67353,"n:n","1976 to 1962",132
67414,67414,"1:1","1976 to 1962",NA
67415,67412,"n:n","1976 to 1962",133
67415,67413,"n:n","1976 to 1962",133
67441,67411,"n:1","1976 to 1962",134
67442,67412,"n:1","1976 to 1962",133
67443,67413,"n:1","1976 to 1962",133
67444,67413,"n:1","1976 to 1962",133
67451,67421,"n:1","1976 to 1962",134
67452,67422,"n:1","1976 to 1962",133
67453,67423,"n:1","1976 to 1962",133
67454,67423,"n:1","1976 to 1962",133
67461,67431,"n:1","1976 to 1962",134
67462,67432,"n:1","1976 to 1962",133
67463,67433,"n:1","1976 to 1962",133
67464,67433,"n:1","1976 to 1962",133
67491,67411,"n:n","1976 to 1962",134
67491,67421,"n:n","1976 to 1962",134
67491,67431,"n:n","1976 to 1962",134
67491,67481,"1:n","1976 to 1962",134
67492,67412,"n:n","1976 to 1962",133
67492,67422,"n:n","1976 to 1962",133
67492,67432,"n:n","1976 to 1962",133
67492,67482,"1:n","1976 to 1962",133
67493,67413,"n:n","1976 to 1962",133
67493,67423,"n:n","1976 to 1962",133
67493,67433,"n:n","1976 to 1962",133
67493,67483,"n:n","1976 to 1962",133
67494,67413,"n:n","1976 to 1962",133
67494,67423,"n:n","1976 to 1962",133
67494,67433,"n:n","1976 to 1962",133
67494,67483,"n:n","1976 to 1962",133
67501,67501,"1:1","1976 to 1962",NA
67502,67502,"1:1","1976 to 1962",NA
67504,67503,"n:1","1976 to 1962",135
67505,67503,"n:1","1976 to 1962",135
67601,6761,"1:1","1976 to 1962",NA
67602,6762,"1:1","1976 to 1962",NA
67701,67701,"1:1","1976 to 1962",NA
67702,67702,"1:1","1976 to 1962",NA
67704,67703,"n:1","1976 to 1962",136
67705,67703,"n:1","1976 to 1962",136
67941,6791,"1:1","1976 to 1962",NA
67942,6792,"1:1","1976 to 1962",NA
68112,68112,"1:1","1976 to 1962",NA
68113,68111,"n:1","1976 to 1962",137
68114,68111,"n:1","1976 to 1962",137
68122,68122,"1:1","1976 to 1962",NA
68123,68121,"n:1","1976 to 1962",138
68124,68121,"n:1","1976 to 1962",138
68125,68121,"n:1","1976 to 1962",138
68211,68211,"n:1","1976 to 1962",46
68212,68212,"1:1","1976 to 1962",NA
68213,68213,"1:1","1976 to 1962",NA
68221,68221,"1:1","1976 to 1962",NA
68222,68222,"1:1","1976 to 1962",NA
68223,68223,"1:1","1976 to 1962",NA
68224,68224,"1:1","1976 to 1962",NA
68225,68225,"1:1","1976 to 1962",NA
68226,68226,"1:1","1976 to 1962",NA
68321,68321,"1:1","1976 to 1962",NA
68322,68322,"1:1","1976 to 1962",NA
68323,68323,"1:1","1976 to 1962",NA
68324,68324,"1:1","1976 to 1962",NA
68421,68421,"1:1","1976 to 1962",NA
68422,68422,"1:1","1976 to 1962",NA
68423,68423,"1:1","1976 to 1962",NA
68424,68424,"1:1","1976 to 1962",NA
68425,68425,"1:1","1976 to 1962",NA
68426,68426,"1:1","1976 to 1962",NA
68511,6851,"n:1","1976 to 1962",139
68512,6851,"n:1","1976 to 1962",139
68513,6851,"n:1","1976 to 1962",139
68521,68521,"1:1","1976 to 1962",NA
68522,68522,"1:1","1976 to 1962",NA
68523,68523,"1:1","1976 to 1962",NA
68524,68524,"1:1","1976 to 1962",NA
68631,68621,"1:1","1976 to 1962",NA
68632,28408,"n:n","1976 to 1962",140
68632,68622,"n:n","1976 to 1962",140
68633,28408,"n:n","1976 to 1962",140
68633,68622,"n:n","1976 to 1962",140
68634,68623,"1:1","1976 to 1962",NA
68721,68721,"1:1","1976 to 1962",NA
68722,68722,"1:1","1976 to 1962",NA
68723,68723,"1:1","1976 to 1962",NA
68724,68724,"1:1","1976 to 1962",NA
68911,68941,"n:1","1976 to 1962",141
68912,68942,"n:1","1976 to 1962",142
68913,68943,"n:1","1976 to 1962",143
68914,28405,"1:1","1976 to 1962",NA
68915,68931,"1:1","1976 to 1962",NA
68991,68933,"n:1","1976 to 1962",144
68999,6895,"n:n","1976 to 1962",145
68999,6911,"n:n","1976 to 1962",145
68999,6912,"n:n","1976 to 1962",145
68999,6913,"n:n","1976 to 1962",145
69211,69211,"1:1","1976 to 1962",NA
69213,69213,"1:1","1976 to 1962",NA
69241,69221,"1:1","1976 to 1962",NA
69242,69222,"1:1","1976 to 1962",NA
69243,69231,"1:1","1976 to 1962",NA
69244,69232,"1:1","1976 to 1962",NA
69311,69311,"1:1","1976 to 1962",NA
69312,69312,"1:1","1976 to 1962",NA
69313,69313,"1:1","1976 to 1962",NA
69351,69331,"1:n","1976 to 1962",NA
69351,69341,"1:n","1976 to 1962",NA
69352,69332,"1:n","1976 to 1962",NA
69352,69342,"1:n","1976 to 1962",NA
69401,69411,"1:1","1976 to 1962",NA
69402,69421,"1:1","1976 to 1962",NA
69403,69412,"1:n","1976 to 1962",NA
69403,69422,"1:n","1976 to 1962",NA
69531,69521,"1:1","1976 to 1962",NA
69532,69522,"n:1","1976 to 1962",146
69533,69522,"n:1","1976 to 1962",146
69534,69522,"n:1","1976 to 1962",146
69539,69523,"1:1","1976 to 1962",NA
69541,69524,"1:1","1976 to 1962",NA
69542,69525,"1:1","1976 to 1962",NA
69543,69526,"1:1","1976 to 1962",NA
69603,69603,"1:1","1976 to 1962",NA
69604,69604,"1:1","1976 to 1962",NA
69605,69605,"1:1","1976 to 1962",NA
69606,69606,"1:1","1976 to 1962",NA
69607,69607,"1:1","1976 to 1962",NA
69608,69601,"1:n","1976 to 1962",NA
69608,69602,"1:n","1976 to 1962",NA
69731,69711,"n:1","1976 to 1962",147
69732,69711,"n:1","1976 to 1962",147
69733,69711,"n:1","1976 to 1962",147
69734,69712,"1:1","1976 to 1962",NA
69735,71943,"1:1","1976 to 1962",NA
69741,69721,"1:n","1976 to 1962",NA
69741,69791,"1:n","1976 to 1962",NA
69742,69722,"n:1","1976 to 1962",148
69743,69723,"n:1","1976 to 1962",149
69751,8123,"1:1","1976 to 1962",NA
69752,69722,"n:1","1976 to 1962",148
69753,69723,"n:1","1976 to 1962",149
69781,71941,"1:1","1976 to 1962",NA
69782,69792,"1:n","1976 to 1962",NA
69782,69793,"1:n","1976 to 1962",NA
69911,69811,"1:1","1976 to 1962",NA
69912,6982,"1:1","1976 to 1962",NA
69913,69812,"1:1","1976 to 1962",NA
69931,69851,"1:1","1976 to 1962",NA
69932,69852,"1:1","1976 to 1962",NA
69933,69853,"1:n","1976 to 1962",NA
69933,69883,"1:n","1976 to 1962",NA
69941,69882,"n:1","1976 to 1962",150
69942,69862,"1:1","1976 to 1962",NA
69961,69882,"n:1","1976 to 1962",150
69962,69884,"1:1","1976 to 1962",NA
69963,69885,"1:1","1976 to 1962",NA
69964,69886,"1:1","1976 to 1962",NA
69965,69887,"1:1","1976 to 1962",NA
69971,6984,"1:1","1976 to 1962",NA
69979,69891,"1:1","1976 to 1962",NA
69981,69212,"1:n","1976 to 1962",NA
69981,69881,"1:n","1976 to 1962",NA
69981,69892,"1:n","1976 to 1962",NA
69982,69893,"1:1","1976 to 1962",NA
69983,69333,"1:n","1976 to 1962",NA
69983,69343,"1:n","1976 to 1962",NA
69983,69894,"1:n","1976 to 1962",NA
69984,69896,"1:1","1976 to 1962",NA
69985,6913,"n:n","1976 to 1962",145
69985,69897,"1:n","1976 to 1962",145
69986,69898,"1:1","1976 to 1962",NA
69991,68941,"n:1","1976 to 1962",141
69992,68942,"n:1","1976 to 1962",142
69993,68943,"n:1","1976 to 1962",143
69994,68932,"1:n","1976 to 1962",NA
69994,69895,"1:n","1976 to 1962",NA
69995,68933,"n:1","1976 to 1962",144
69999,6895,"n:n","1976 to 1962",145
69999,6911,"n:n","1976 to 1962",145
69999,6912,"n:n","1976 to 1962",145
69999,6913,"n:n","1976 to 1962",145
71191,7111,"n:1","1976 to 1962",22
71199,7112,"n:1","1976 to 1962",22
71311,71141,"n:1","1976 to 1962",151
71319,71141,"n:1","1976 to 1962",151
71331,7115,"n:1","1976 to 1962",152
71332,7115,"n:1","1976 to 1962",152
71481,71142,"n:1","1976 to 1962",153
71488,7116,"n:1","1976 to 1962",153
71491,71142,"n:1","1976 to 1962",153
71499,7116,"n:n","1976 to 1962",153
71499,71189,"n:n","1976 to 1962",153
71621,7221,"n:1","1976 to 1962",154
71622,7221,"n:1","1976 to 1962",154
71623,7221,"n:1","1976 to 1962",154
71881,71181,"n:1","1976 to 1962",156
71882,71181,"n:1","1976 to 1962",156
71888,71142,"n:n","1976 to 1962",153
71888,71189,"n:n","1976 to 1962",153
71889,71181,"n:1","1976 to 1962",156
72111,7121,"n:1","1976 to 1962",157
72112,7121,"n:1","1976 to 1962",157
72113,7121,"n:1","1976 to 1962",157
72118,7121,"n:1","1976 to 1962",157
72119,7121,"n:1","1976 to 1962",157
72121,7122,"n:1","1976 to 1962",158
72122,7122,"n:1","1976 to 1962",158
72123,7122,"n:1","1976 to 1962",158
72124,7122,"n:1","1976 to 1962",158
72129,7122,"n:1","1976 to 1962",158
72131,71239,"n:1","1976 to 1962",159
72138,71239,"n:1","1976 to 1962",159
72139,71239,"n:1","1976 to 1962",159
72191,71291,"n:1","1976 to 1962",160
72197,71299,"n:1","1976 to 1962",161
72198,71291,"n:1","1976 to 1962",160
72199,71299,"n:1","1976 to 1962",161
72341,71842,"n:1","1976 to 1962",163
72342,71842,"n:1","1976 to 1962",163
72343,71842,"n:1","1976 to 1962",163
72344,71842,"n:1","1976 to 1962",163
72345,71842,"n:1","1976 to 1962",163
72346,71842,"n:1","1976 to 1962",163
72348,7198,"n:1","1976 to 1962",164
72431,7173,"n:1","1976 to 1962",165
72439,7173,"n:1","1976 to 1962",165
72441,71711,"n:1","1976 to 1962",166
72442,71711,"n:1","1976 to 1962",166
72443,71711,"n:1","1976 to 1962",166
72449,71713,"n:1","1976 to 1962",167
72451,71712,"n:1","1976 to 1962",168
72452,71712,"n:1","1976 to 1962",168
72453,71712,"n:1","1976 to 1962",168
72454,71714,"1:1","1976 to 1962",NA
72461,71713,"n:1","1976 to 1962",167
72469,71713,"n:1","1976 to 1962",167
72471,71715,"n:1","1976 to 1962",169
72472,71715,"n:1","1976 to 1962",169
72473,71715,"n:1","1976 to 1962",169
72474,71715,"n:1","1976 to 1962",169
72479,71715,"n:1","1976 to 1962",169
72511,71811,"n:1","1976 to 1962",170
72512,71811,"n:1","1976 to 1962",170
72591,71811,"n:1","1976 to 1962",170
72599,71812,"n:1","1976 to 1962",171
72631,71822,"n:1","1976 to 1962",172
72632,71822,"n:1","1976 to 1962",172
72641,71829,"n:1","1976 to 1962",173
72642,71829,"n:1","1976 to 1962",173
72671,71829,"n:1","1976 to 1962",173
72672,71829,"n:1","1976 to 1962",173
72681,71821,"n:1","1976 to 1962",174
72689,71821,"n:1","1976 to 1962",174
72691,71822,"n:1","1976 to 1962",172
72699,71829,"n:1","1976 to 1962",173
72711,71831,"n:1","1976 to 1962",175
72719,71831,"n:1","1976 to 1962",175
72721,7198,"n:1","1976 to 1962",164
72722,71839,"n:1","1976 to 1962",176
72729,71839,"n:1","1976 to 1962",176
72811,71951,"1:1","1976 to 1962",NA
72812,71952,"1:1","1976 to 1962",NA
72819,71954,"n:1","1976 to 1962",177
72831,71851,"n:1","1976 to 1962",178
72832,71851,"n:1","1976 to 1962",178
72833,71851,"n:1","1976 to 1962",178
72834,71851,"n:1","1976 to 1962",178
72839,71851,"n:1","1976 to 1962",178
72841,71852,"1:1","1976 to 1962",NA
72842,7198,"n:1","1976 to 1962",164
72843,7198,"n:1","1976 to 1962",164
72844,7198,"n:1","1976 to 1962",164
72845,7198,"n:1","1976 to 1962",164
72848,7198,"n:1","1976 to 1962",164
72849,7198,"n:1","1976 to 1962",164
73611,7151,"n:1","1976 to 1962",179
73612,7151,"n:1","1976 to 1962",179
73613,7151,"n:1","1976 to 1962",179
73614,7151,"n:1","1976 to 1962",179
73615,7151,"n:1","1976 to 1962",179
73616,7151,"n:1","1976 to 1962",179
73617,7151,"n:1","1976 to 1962",179
73618,7151,"n:1","1976 to 1962",179
73619,7151,"n:1","1976 to 1962",179
73621,7151,"n:1","1976 to 1962",179
73622,7151,"n:1","1976 to 1962",179
73623,7151,"n:1","1976 to 1962",179
73628,7151,"n:1","1976 to 1962",179
73711,71521,"n:1","1976 to 1962",180
73719,71521,"n:1","1976 to 1962",180
73721,71522,"n:1","1976 to 1962",181
73729,71522,"n:1","1976 to 1962",181
73731,71523,"1:1","1976 to 1962",NA
73732,72992,"n:1","1976 to 1962",182
74131,72992,"n:1","1976 to 1962",182
74132,71914,"1:1","1976 to 1962",NA
74141,71915,"n:1","1976 to 1962",183
74149,71915,"n:1","1976 to 1962",183
74281,71921,"n:1","1976 to 1962",184
74288,71921,"n:1","1976 to 1962",184
74411,71932,"n:1","1976 to 1962",187
74419,71932,"n:1","1976 to 1962",187
74421,71931,"n:1","1976 to 1962",188
74422,71931,"n:1","1976 to 1962",188
74423,71931,"n:1","1976 to 1962",188
74424,71931,"n:1","1976 to 1962",188
74425,71931,"n:1","1976 to 1962",188
74428,71931,"n:1","1976 to 1962",188
74511,71953,"n:1","1976 to 1962",189
74519,71953,"n:1","1976 to 1962",189
74521,71961,"1:1","1976 to 1962",NA
74522,71962,"n:1","1976 to 1962",190
74523,71962,"n:1","1976 to 1962",190
74524,71965,"1:1","1976 to 1962",NA
74525,71963,"n:1","1976 to 1962",191
74526,71963,"n:1","1976 to 1962",191
74527,71964,"1:1","1976 to 1962",NA
74991,71991,"1:1","1976 to 1962",NA
74992,71994,"1:1","1976 to 1962",NA
74999,71999,"1:1","1976 to 1962",NA
75111,7141,"n:1","1976 to 1962",192
75112,7141,"n:1","1976 to 1962",192
75118,7141,"n:1","1976 to 1962",192
75121,7142,"n:n","1976 to 1962",23
75121,7143,"n:n","1976 to 1962",23
75122,7142,"n:n","1976 to 1962",23
75122,7143,"n:n","1976 to 1962",23
75123,7142,"n:n","1976 to 1962",23
75123,7143,"n:n","1976 to 1962",23
75128,7142,"n:n","1976 to 1962",23
75128,7143,"n:n","1976 to 1962",23
75181,71491,"n:1","1976 to 1962",193
75182,86169,"n:1","1976 to 1962",194
75188,71491,"n:1","1976 to 1962",193
75911,71492,"n:1","1976 to 1962",195
75915,71492,"n:1","1976 to 1962",195
75919,86169,"n:1","1976 to 1962",194
76311,89111,"n:1","1976 to 1962",197
76318,89111,"n:1","1976 to 1962",197
76381,89111,"n:1","1976 to 1962",197
76388,89111,"n:1","1976 to 1962",197
76481,7242,"n:1","1976 to 1962",196
76482,7241,"n:1","1976 to 1962",196
76483,7242,"n:1","1976 to 1962",196
76491,72491,"n:1","1976 to 1962",196
76492,72492,"n:1","1976 to 1962",196
76493,7241,"n:n","1976 to 1962",196
76493,7242,"n:n","1976 to 1962",196
76493,72491,"n:n","1976 to 1962",196
76493,72492,"n:n","1976 to 1962",196
76493,72499,"1:n","1976 to 1962",196
76499,89112,"1:1","1976 to 1962",NA
77111,7221,"n:1","1976 to 1962",154
77118,7221,"n:1","1976 to 1962",154
77121,7221,"n:1","1976 to 1962",154
77122,7221,"n:1","1976 to 1962",154
77129,7221,"n:1","1976 to 1962",154
77321,72323,"1:1","1976 to 1962",NA
77322,72321,"n:1","1976 to 1962",198
77323,72321,"n:1","1976 to 1962",198
77324,72321,"n:1","1976 to 1962",198
77325,72322,"n:1","1976 to 1962",199
77326,72322,"n:1","1976 to 1962",199
77327,72322,"n:1","1976 to 1962",199
77511,72502,"1:1","1976 to 1962",NA
77512,71715,"n:1","1976 to 1962",169
77521,72501,"n:1","1976 to 1962",200
77522,72501,"n:1","1976 to 1962",200
77571,72503,"n:1","1976 to 1962",201
77572,72503,"n:1","1976 to 1962",201
77573,72503,"n:1","1976 to 1962",201
77578,72503,"n:1","1976 to 1962",201
77579,72503,"n:1","1976 to 1962",201
77581,72505,"n:1","1976 to 1962",202
77582,72505,"n:1","1976 to 1962",202
77583,72505,"n:1","1976 to 1962",202
77584,72505,"n:1","1976 to 1962",202
77585,65661,"n:n","1976 to 1962",117
77585,65662,"n:n","1976 to 1962",117
77585,65669,"n:n","1976 to 1962",117
77586,72505,"n:1","1976 to 1962",202
77587,72505,"n:1","1976 to 1962",202
77589,72505,"n:1","1976 to 1962",202
77681,7293,"n:1","1976 to 1962",203
77689,7293,"n:1","1976 to 1962",203
77811,72911,"1:1","1976 to 1962",NA
77812,72912,"n:1","1976 to 1962",204
77819,72912,"n:1","1976 to 1962",204
77821,7292,"n:1","1976 to 1962",205
77822,7292,"n:1","1976 to 1962",205
77824,7292,"n:1","1976 to 1962",205
77829,7292,"n:1","1976 to 1962",205
77831,72941,"1:1","1976 to 1962",NA
77832,72942,"1:1","1976 to 1962",NA
77881,72991,"1:1","1976 to 1962",NA
77882,72993,"1:1","1976 to 1962",NA
77883,72994,"1:1","1976 to 1962",NA
77884,72995,"1:1","1976 to 1962",NA
77885,7297,"1:1","1976 to 1962",NA
77886,72999,"1:1","1976 to 1962",NA
77887,72996,"1:1","1976 to 1962",NA
77889,72998,"1:1","1976 to 1962",NA
78531,7334,"1:n","1976 to 1962",207
78531,8941,"n:n","1976 to 1962",207
78539,8941,"n:n","1976 to 1962",207
78539,73292,"1:n","1976 to 1962",207
78539,73312,"1:n","1976 to 1962",207
78611,7333,"n:1","1976 to 1962",208
78612,7333,"n:1","1976 to 1962",208
78613,73163,"1:1","1976 to 1962",NA
78681,7333,"n:1","1976 to 1962",208
78689,7333,"n:1","1976 to 1962",208
79151,73161,"1:1","1976 to 1962",NA
79152,73162,"1:1","1976 to 1962",NA
79191,71966,"1:1","1976 to 1962",NA
79199,7317,"1:1","1976 to 1962",NA
79281,7341,"n:1","1976 to 1962",209
79282,73491,"1:1","1976 to 1962",NA
79283,89999,"1:1","1976 to 1962",NA
79321,7353,"n:1","1976 to 1962",210
79322,7353,"n:1","1976 to 1962",210
79323,7353,"n:1","1976 to 1962",210
79324,7353,"n:1","1976 to 1962",210
79328,7353,"n:1","1976 to 1962",210
79381,73591,"1:1","1976 to 1962",NA
79382,73592,"1:1","1976 to 1962",NA
79383,73593,"1:1","1976 to 1962",NA
81241,81241,"1:1","1976 to 1962",NA
81242,81242,"1:1","1976 to 1962",NA
81243,81243,"1:1","1976 to 1962",NA
82111,82101,"n:1","1976 to 1962",211
82119,82101,"n:1","1976 to 1962",211
82121,82102,"1:1","1976 to 1962",NA
82122,82103,"1:1","1976 to 1962",NA
82191,82109,"n:1","1976 to 1962",212
82192,82109,"n:1","1976 to 1962",212
82199,82109,"n:1","1976 to 1962",212
83101,8310,"n:1","1976 to 1962",213
83102,8310,"n:1","1976 to 1962",213
83103,8310,"n:1","1976 to 1962",213
83109,8310,"n:1","1976 to 1962",213
84211,84111,"n:1","1976 to 1962",214
84219,84111,"n:1","1976 to 1962",214
84221,84111,"n:1","1976 to 1962",214
84222,84111,"n:1","1976 to 1962",214
84223,84111,"n:1","1976 to 1962",214
84229,84111,"n:1","1976 to 1962",214
84231,84111,"n:1","1976 to 1962",214
84232,84111,"n:1","1976 to 1962",214
84233,84111,"n:1","1976 to 1962",214
84239,84111,"n:1","1976 to 1962",214
84241,84111,"n:1","1976 to 1962",214
84242,84111,"n:1","1976 to 1962",214
84243,84111,"n:1","1976 to 1962",214
84249,84111,"n:1","1976 to 1962",214
84291,84111,"n:1","1976 to 1962",214
84292,84111,"n:1","1976 to 1962",214
84293,84111,"n:1","1976 to 1962",214
84294,84111,"n:1","1976 to 1962",214
84299,84111,"n:1","1976 to 1962",214
84311,84112,"n:1","1976 to 1962",215
84312,84112,"n:1","1976 to 1962",215
84313,84112,"n:1","1976 to 1962",215
84319,84112,"n:1","1976 to 1962",215
84321,84112,"n:1","1976 to 1962",215
84322,84112,"n:1","1976 to 1962",215
84323,84112,"n:1","1976 to 1962",215
84329,84112,"n:1","1976 to 1962",215
84331,84112,"n:1","1976 to 1962",215
84332,84112,"n:1","1976 to 1962",215
84333,84112,"n:1","1976 to 1962",215
84339,84112,"n:1","1976 to 1962",215
84341,84112,"n:1","1976 to 1962",215
84342,84112,"n:1","1976 to 1962",215
84343,84112,"n:1","1976 to 1962",215
84349,84112,"n:1","1976 to 1962",215
84351,84112,"n:1","1976 to 1962",215
84352,84112,"n:1","1976 to 1962",215
84359,84112,"n:1","1976 to 1962",215
84391,84112,"n:1","1976 to 1962",215
84392,84112,"n:1","1976 to 1962",215
84393,84112,"n:1","1976 to 1962",215
84394,84112,"n:1","1976 to 1962",215
84399,84112,"n:1","1976 to 1962",215
84411,84113,"n:1","1976 to 1962",216
84412,84113,"n:1","1976 to 1962",216
84419,84113,"n:1","1976 to 1962",216
84421,84113,"n:1","1976 to 1962",216
84422,84113,"n:1","1976 to 1962",216
84429,84113,"n:1","1976 to 1962",216
84431,84114,"n:1","1976 to 1962",217
84432,84114,"n:1","1976 to 1962",217
84439,84114,"n:1","1976 to 1962",217
84511,84144,"n:1","1976 to 1962",119
84512,84144,"n:1","1976 to 1962",119
84513,84144,"n:1","1976 to 1962",119
84514,84144,"n:1","1976 to 1962",119
84519,84144,"n:1","1976 to 1962",119
84521,84144,"n:1","1976 to 1962",119
84522,84144,"n:1","1976 to 1962",119
84523,84144,"n:1","1976 to 1962",119
84524,84144,"n:1","1976 to 1962",119
84529,84144,"n:1","1976 to 1962",119
84591,84144,"n:1","1976 to 1962",119
84592,84144,"n:1","1976 to 1962",119
84593,84144,"n:1","1976 to 1962",119
84594,84144,"n:1","1976 to 1962",119
84599,84144,"n:1","1976 to 1962",119
84611,84143,"n:1","1976 to 1962",218
84619,84143,"n:1","1976 to 1962",218
84621,84143,"n:1","1976 to 1962",218
84629,84143,"n:1","1976 to 1962",218
84631,84143,"n:1","1976 to 1962",218
84632,84143,"n:1","1976 to 1962",218
84633,84143,"n:1","1976 to 1962",218
84634,84143,"n:1","1976 to 1962",218
84641,84143,"n:1","1976 to 1962",218
84649,84143,"n:1","1976 to 1962",218
84651,84125,"n:1","1976 to 1962",219
84652,84125,"n:1","1976 to 1962",219
84711,84121,"1:1","1976 to 1962",NA
84712,84122,"1:1","1976 to 1962",NA
84713,84123,"1:1","1976 to 1962",NA
84714,84126,"1:1","1976 to 1962",NA
84719,84124,"1:n","1976 to 1962",NA
84719,84129,"1:n","1976 to 1962",NA
84721,84141,"1:1","1976 to 1962",NA
84722,84142,"1:1","1976 to 1962",NA
84723,84145,"n:1","1976 to 1962",114
84821,8930,"n:1","1976 to 1962",81
84822,8416,"1:1","1976 to 1962",NA
84831,84201,"1:1","1976 to 1962",NA
84832,84202,"1:1","1976 to 1962",NA
84841,84151,"1:1","1976 to 1962",NA
84842,84152,"1:1","1976 to 1962",NA
84843,84153,"1:1","1976 to 1962",NA
84848,84154,"1:1","1976 to 1962",NA
84849,84159,"1:1","1976 to 1962",NA
85101,85101,"1:1","1976 to 1962",NA
85102,85102,"1:1","1976 to 1962",NA
85103,85103,"1:1","1976 to 1962",NA
85104,85104,"1:1","1976 to 1962",NA
85105,85105,"1:1","1976 to 1962",NA
87101,86131,"1:1","1976 to 1962",NA
87102,86132,"1:1","1976 to 1962",NA
87103,86133,"1:1","1976 to 1962",NA
87104,86134,"1:1","1976 to 1962",NA
87109,86139,"1:1","1976 to 1962",NA
87201,86171,"n:1","1976 to 1962",220
87202,86171,"n:1","1976 to 1962",220
87203,86172,"1:1","1976 to 1962",NA
87411,86191,"n:1","1976 to 1962",221
87412,86191,"n:1","1976 to 1962",221
87421,86193,"n:1","1976 to 1962",222
87429,86193,"n:1","1976 to 1962",222
87451,86192,"1:1","1976 to 1962",NA
87452,86194,"1:1","1976 to 1962",NA
87453,86195,"1:1","1976 to 1962",NA
87454,86196,"1:1","1976 to 1962",NA
87481,72952,"n:1","1976 to 1962",223
87482,72952,"n:1","1976 to 1962",223
87483,72952,"n:1","1976 to 1962",223
87484,72952,"n:1","1976 to 1962",223
87489,72952,"n:1","1976 to 1962",223
88111,8614,"n:1","1976 to 1962",224
88112,8614,"n:1","1976 to 1962",224
88119,8614,"n:1","1976 to 1962",224
88121,8615,"n:1","1976 to 1962",225
88122,8615,"n:1","1976 to 1962",225
88129,8615,"n:1","1976 to 1962",225
88131,86161,"1:1","1976 to 1962",NA
88139,86169,"n:1","1976 to 1962",194
88221,86241,"1:1","1976 to 1962",NA
88222,86242,"1:1","1976 to 1962",NA
88223,86243,"1:1","1976 to 1962",NA
88224,86244,"1:1","1976 to 1962",NA
88225,86245,"1:1","1976 to 1962",NA
88411,86111,"1:1","1976 to 1962",NA
88412,86112,"1:1","1976 to 1962",NA
88421,86121,"1:1","1976 to 1962",NA
88422,86122,"1:1","1976 to 1962",NA
88511,86411,"1:1","1976 to 1962",NA
88512,86412,"1:1","1976 to 1962",NA
88513,86413,"1:1","1976 to 1962",NA
88514,86414,"1:1","1976 to 1962",NA
88521,86421,"1:1","1976 to 1962",NA
88522,86422,"1:1","1976 to 1962",NA
88523,86423,"1:1","1976 to 1962",NA
88524,86424,"1:1","1976 to 1962",NA
88525,86425,"1:1","1976 to 1962",NA
88526,86426,"1:1","1976 to 1962",NA
88529,86429,"1:1","1976 to 1962",NA
89211,89211,"1:1","1976 to 1962",NA
89212,89212,"1:1","1976 to 1962",NA
89213,89213,"1:1","1976 to 1962",NA
89241,89241,"1:1","1976 to 1962",NA
89242,89242,"1:1","1976 to 1962",NA
89281,89291,"1:1","1976 to 1962",NA
89282,89292,"1:1","1976 to 1962",NA
89283,89293,"1:1","1976 to 1962",NA
89284,89294,"1:1","1976 to 1962",NA
89285,8923,"1:1","1976 to 1962",NA
89286,89299,"n:1","1976 to 1962",226
89289,89299,"n:1","1976 to 1962",226
89391,5812,"n:1","1976 to 1962",81
89392,5812,"n:1","1976 to 1962",81
89393,5812,"n:n","1976 to 1962",81
89393,8930,"n:n","1976 to 1962",81
89394,5812,"n:n","1976 to 1962",81
89394,8930,"n:n","1976 to 1962",81
89399,5812,"n:n","1976 to 1962",81
89399,8930,"n:n","1976 to 1962",81
89421,89421,"1:1","1976 to 1962",NA
89422,89422,"1:1","1976 to 1962",NA
89423,89423,"1:1","1976 to 1962",NA
89424,89424,"1:1","1976 to 1962",NA
89425,89425,"1:1","1976 to 1962",NA
89461,89431,"1:1","1976 to 1962",NA
89462,89432,"1:1","1976 to 1962",NA
89463,5714,"1:1","1976 to 1962",NA
89471,89441,"1:1","1976 to 1962",NA
89472,89442,"1:1","1976 to 1962",NA
89473,8945,"1:1","1976 to 1962",NA
89511,89511,"1:1","1976 to 1962",NA
89512,89512,"1:1","1976 to 1962",NA
89521,89521,"1:1","1976 to 1962",NA
89522,89522,"1:1","1976 to 1962",NA
89523,89523,"1:1","1976 to 1962",NA
89591,89591,"1:1","1976 to 1962",NA
89592,89592,"1:1","1976 to 1962",NA
89593,89593,"1:1","1976 to 1962",NA
89594,89594,"1:1","1976 to 1962",NA
89595,89595,"1:1","1976 to 1962",NA
89601,89601,"1:1","1976 to 1962",NA
89602,89602,"1:1","1976 to 1962",NA
89603,89603,"1:1","1976 to 1962",NA
89604,89604,"1:1","1976 to 1962",NA
89605,89605,"1:1","1976 to 1962",NA
89606,89606,"1:1","1976 to 1962",NA
89731,89711,"1:1","1976 to 1962",NA
89732,89712,"1:1","1976 to 1962",NA
89733,89714,"1:1","1976 to 1962",NA
89811,89141,"1:1","1976 to 1962",NA
89819,89142,"1:1","1976 to 1962",NA
89821,89181,"1:1","1976 to 1962",NA
89822,89182,"1:1","1976 to 1962",NA
89823,89183,"1:1","1976 to 1962",NA
89824,89184,"1:1","1976 to 1962",NA
89825,89185,"1:1","1976 to 1962",NA
89829,89189,"1:1","1976 to 1962",NA
89831,8912,"n:1","1976 to 1962",227
89832,8912,"n:1","1976 to 1962",227
89911,89911,"1:n","1976 to 1962",NA
89911,89912,"1:n","1976 to 1962",NA
89911,89913,"1:n","1976 to 1962",NA
89911,89914,"1:n","1976 to 1962",NA
89911,89915,"1:n","1976 to 1962",NA
89919,89916,"1:n","1976 to 1962",NA
89919,89917,"1:n","1976 to 1962",NA
89919,89918,"1:n","1976 to 1962",NA
89931,89931,"1:1","1976 to 1962",NA
89932,89932,"1:1","1976 to 1962",NA
89934,89934,"1:1","1976 to 1962",NA
89935,89935,"1:1","1976 to 1962",NA
89939,59993,"1:n","1976 to 1962",NA
89939,89933,"1:n","1976 to 1962",NA
89941,89941,"1:1","1976 to 1962",NA
89942,89942,"1:1","1976 to 1962",NA
89949,89943,"1:1","1976 to 1962",NA
89961,89961,"1:1","1976 to 1962",NA
89962,89962,"1:1","1976 to 1962",NA
89971,89922,"1:1","1976 to 1962",NA
89972,89923,"1:n","1976 to 1962",NA
89972,89924,"1:n","1976 to 1962",NA
89972,89925,"1:n","1976 to 1962",NA
89981,89927,"1:1","1976 to 1962",NA
89982,89951,"1:1","1976 to 1962",NA
89983,89952,"1:1","1976 to 1962",NA
89984,89953,"1:1","1976 to 1962",NA
89985,89954,"1:1","1976 to 1962",NA
89986,89956,"1:1","1976 to 1962",NA
89987,89957,"1:1","1976 to 1962",NA
89991,89991,"1:1","1976 to 1962",NA
89992,89992,"1:1","1976 to 1962",NA
89993,89993,"1:1","1976 to 1962",NA
89994,89994,"1:1","1976 to 1962",NA
89995,89995,"1:1","1976 to 1962",NA
89997,89997,"1:1","1976 to 1962",NA
89998,89998,"1:1","1976 to 1962",NA
95101,95101,"1:1","1976 to 1962",NA
95102,95102,"1:1","1976 to 1962",NA
95104,95104,"1:1","1976 to 1962",NA
95105,95105,"1:1","1976 to 1962",NA
95106,95106,"1:1","1976 to 1962",NA
95109,89433,"1:n","1976 to 1962",NA
95109,95103,"1:n","1976 to 1962",NA
