,code.before,code.after,Relationship,adjustment
0,113110,113110,1:1,2007 to 2012
1,113210,113210,1:1,2007 to 2012
2,113310,113310,1:1,2007 to 2012
3,114111,114111,1:1,2007 to 2012
4,114112,114112,1:1,2007 to 2012
5,114119,114119,1:1,2007 to 2012
6,114210,114210,1:1,2007 to 2012
7,115111,115111,1:1,2007 to 2012
8,115112,115112,1:1,2007 to 2012
9,115113,115113,1:1,2007 to 2012
10,115114,115114,1:1,2007 to 2012
11,115115,115115,1:1,2007 to 2012
12,115116,115116,1:1,2007 to 2012
13,115210,115210,1:1,2007 to 2012
14,115310,115310,1:1,2007 to 2012
15,211111,211111,1:1,2007 to 2012
16,211112,211112,1:1,2007 to 2012
17,212111,212111,1:1,2007 to 2012
18,212112,212112,1:1,2007 to 2012
19,212113,212113,1:1,2007 to 2012
20,212210,212210,1:1,2007 to 2012
21,212221,212221,1:1,2007 to 2012
22,212222,212222,1:1,2007 to 2012
23,212231,212231,1:1,2007 to 2012
24,212234,212234,1:1,2007 to 2012
25,212291,212291,1:1,2007 to 2012
26,212299,212299,1:1,2007 to 2012
27,212311,212311,1:1,2007 to 2012
28,212312,212312,1:1,2007 to 2012
29,212313,212313,1:1,2007 to 2012
30,212319,212319,1:1,2007 to 2012
31,212321,212321,1:1,2007 to 2012
32,212322,212322,1:1,2007 to 2012
33,212324,212324,1:1,2007 to 2012
34,212325,212325,1:1,2007 to 2012
35,212391,212391,1:1,2007 to 2012
36,212392,212392,1:1,2007 to 2012
37,212393,212393,1:1,2007 to 2012
38,212399,212399,1:1,2007 to 2012
39,213111,213111,1:1,2007 to 2012
40,213112,213112,1:1,2007 to 2012
41,213113,213113,1:1,2007 to 2012
42,213114,213114,1:1,2007 to 2012
43,213115,213115,1:1,2007 to 2012
44,221111,221111,1:1,2007 to 2012
45,221112,221112,1:1,2007 to 2012
46,221113,221113,1:1,2007 to 2012
47,221119,221114,1:n,2007 to 2012
48,221119,221115,1:n,2007 to 2012
49,221119,221116,1:n,2007 to 2012
50,221119,221117,1:n,2007 to 2012
51,221119,221118,1:n,2007 to 2012
52,221121,221121,1:1,2007 to 2012
53,221122,221122,1:1,2007 to 2012
54,221210,221210,1:1,2007 to 2012
55,221310,221310,1:1,2007 to 2012
56,221320,221320,1:1,2007 to 2012
57,221330,221330,1:1,2007 to 2012
58,236115,236115,1:1,2007 to 2012
59,236116,236116,1:1,2007 to 2012
60,236117,236117,1:1,2007 to 2012
61,236118,236118,1:1,2007 to 2012
62,236210,236210,1:1,2007 to 2012
63,236220,236220,1:1,2007 to 2012
64,237110,237110,1:1,2007 to 2012
65,237120,237120,1:1,2007 to 2012
66,237130,237130,1:1,2007 to 2012
67,237210,237210,1:1,2007 to 2012
68,237310,237310,1:1,2007 to 2012
69,237990,237990,1:1,2007 to 2012
70,238110,238110,1:1,2007 to 2012
71,238120,238120,1:1,2007 to 2012
72,238130,238130,1:1,2007 to 2012
73,238140,238140,1:1,2007 to 2012
74,238150,238150,1:1,2007 to 2012
75,238160,238160,1:1,2007 to 2012
76,238170,238170,1:1,2007 to 2012
77,238190,238190,1:n,2007 to 2012
78,238210,238210,1:1,2007 to 2012
79,238220,238220,1:1,2007 to 2012
80,238290,238290,1:1,2007 to 2012
81,238190,238310,n:n,2007 to 2012
82,238310,238310,n:1,2007 to 2012
83,238330,238310,n:n,2007 to 2012
84,238320,238320,1:1,2007 to 2012
85,238330,238330,1:n,2007 to 2012
86,238340,238340,1:1,2007 to 2012
87,238350,238350,1:1,2007 to 2012
88,238390,238390,1:1,2007 to 2012
89,238910,238910,1:1,2007 to 2012
90,238990,238990,1:1,2007 to 2012
91,311111,311111,1:1,2007 to 2012
92,311119,311119,1:1,2007 to 2012
93,311211,311211,1:1,2007 to 2012
94,311212,311212,1:1,2007 to 2012
95,311213,311213,1:1,2007 to 2012
96,311221,311221,1:1,2007 to 2012
97,311222,311224,n:1,2007 to 2012
98,311223,311224,n:1,2007 to 2012
99,311225,311225,1:1,2007 to 2012
100,311230,311230,1:1,2007 to 2012
101,311313,311313,1:1,2007 to 2012
102,311311,311314,n:1,2007 to 2012
103,311312,311314,n:1,2007 to 2012
104,311340,311340,1:1,2007 to 2012
105,311320,311351,1:1,2007 to 2012
106,311330,311352,1:1,2007 to 2012
107,311411,311411,1:1,2007 to 2012
108,311412,311412,1:1,2007 to 2012
109,311421,311421,1:1,2007 to 2012
110,311422,311422,1:1,2007 to 2012
111,311423,311423,1:1,2007 to 2012
112,311511,311511,1:1,2007 to 2012
113,311512,311512,1:1,2007 to 2012
114,311513,311513,1:1,2007 to 2012
115,311514,311514,1:1,2007 to 2012
116,311520,311520,1:1,2007 to 2012
117,311611,311611,1:1,2007 to 2012
118,311612,311612,1:1,2007 to 2012
119,311613,311613,1:1,2007 to 2012
120,311615,311615,1:1,2007 to 2012
121,311711,311710,n:1,2007 to 2012
122,311712,311710,n:1,2007 to 2012
123,311811,311811,1:1,2007 to 2012
124,311812,311812,1:1,2007 to 2012
125,311813,311813,1:1,2007 to 2012
126,311821,311821,1:1,2007 to 2012
127,311822,311824,n:1,2007 to 2012
128,311823,311824,n:1,2007 to 2012
129,311830,311830,1:1,2007 to 2012
130,311911,311911,1:1,2007 to 2012
131,311919,311919,1:1,2007 to 2012
132,311920,311920,1:1,2007 to 2012
133,311930,311930,1:1,2007 to 2012
134,311941,311941,1:1,2007 to 2012
135,311942,311942,1:1,2007 to 2012
136,311991,311991,1:1,2007 to 2012
137,311999,311999,1:1,2007 to 2012
138,312111,312111,1:1,2007 to 2012
139,312112,312112,1:1,2007 to 2012
140,312113,312113,1:1,2007 to 2012
141,312120,312120,1:1,2007 to 2012
142,312130,312130,1:1,2007 to 2012
143,312140,312140,1:1,2007 to 2012
144,312210,312230,n:1,2007 to 2012
145,312221,312230,n:1,2007 to 2012
146,312229,312230,n:1,2007 to 2012
147,313111,313110,n:1,2007 to 2012
148,313112,313110,n:1,2007 to 2012
149,313113,313110,n:1,2007 to 2012
150,313210,313210,1:1,2007 to 2012
151,313221,313220,n:1,2007 to 2012
152,313222,313220,n:1,2007 to 2012
153,313230,313230,1:1,2007 to 2012
154,313241,313240,n:1,2007 to 2012
155,313249,313240,n:1,2007 to 2012
156,313311,313310,n:1,2007 to 2012
157,313312,313310,n:1,2007 to 2012
158,313320,313320,1:1,2007 to 2012
159,314110,314110,1:1,2007 to 2012
160,314121,314120,n:1,2007 to 2012
161,314129,314120,n:1,2007 to 2012
162,314911,314910,n:1,2007 to 2012
163,314912,314910,n:1,2007 to 2012
164,314991,314994,n:1,2007 to 2012
165,314992,314994,n:1,2007 to 2012
166,314999,314999,1:1,2007 to 2012
167,315111,315110,n:1,2007 to 2012
168,315119,315110,n:1,2007 to 2012
169,315191,315190,n:1,2007 to 2012
170,315192,315190,n:1,2007 to 2012
171,315211,315210,n:1,2007 to 2012
172,315212,315210,n:1,2007 to 2012
173,315221,315220,n:1,2007 to 2012
174,315222,315220,n:1,2007 to 2012
175,315223,315220,n:1,2007 to 2012
176,315224,315220,n:1,2007 to 2012
177,315225,315220,n:1,2007 to 2012
178,315228,315220,n:1,2007 to 2012
179,315231,315240,n:1,2007 to 2012
180,315232,315240,n:1,2007 to 2012
181,315233,315240,n:1,2007 to 2012
182,315234,315240,n:1,2007 to 2012
183,315239,315240,n:1,2007 to 2012
184,315291,315240,n:1,2007 to 2012
185,315292,315280,n:1,2007 to 2012
186,315299,315280,n:1,2007 to 2012
187,315991,315990,n:1,2007 to 2012
188,315992,315990,n:1,2007 to 2012
189,315993,315990,n:1,2007 to 2012
190,315999,315990,n:1,2007 to 2012
191,316110,316110,1:1,2007 to 2012
192,316211,316210,n:1,2007 to 2012
193,316212,316210,n:1,2007 to 2012
194,316213,316210,n:1,2007 to 2012
195,316214,316210,n:1,2007 to 2012
196,316219,316210,n:1,2007 to 2012
197,316992,316992,1:1,2007 to 2012
198,316991,316998,n:1,2007 to 2012
199,316993,316998,n:1,2007 to 2012
200,316999,316998,n:1,2007 to 2012
201,321113,321113,1:1,2007 to 2012
202,321114,321114,1:1,2007 to 2012
203,321211,321211,1:1,2007 to 2012
204,321212,321212,1:1,2007 to 2012
205,321213,321213,1:1,2007 to 2012
206,321214,321214,1:1,2007 to 2012
207,321219,321219,1:1,2007 to 2012
208,321911,321911,1:1,2007 to 2012
209,321912,321912,1:1,2007 to 2012
210,321918,321918,1:1,2007 to 2012
211,321920,321920,1:1,2007 to 2012
212,321991,321991,1:1,2007 to 2012
213,321992,321992,1:1,2007 to 2012
214,321999,321999,n:1,2007 to 2012
215,337129,321999,n:1,2007 to 2012
216,322110,322110,1:1,2007 to 2012
217,322121,322121,1:1,2007 to 2012
218,322122,322122,1:1,2007 to 2012
219,322130,322130,1:1,2007 to 2012
220,322211,322211,1:1,2007 to 2012
221,322212,322212,1:1,2007 to 2012
222,322213,322219,n:1,2007 to 2012
223,322214,322219,n:1,2007 to 2012
224,322215,322219,n:1,2007 to 2012
225,322221,322220,n:1,2007 to 2012
226,322222,322220,n:1,2007 to 2012
227,322223,322220,n:1,2007 to 2012
228,322224,322220,n:1,2007 to 2012
229,322225,322220,n:1,2007 to 2012
230,322226,322220,n:1,2007 to 2012
231,322231,322230,n:1,2007 to 2012
232,322232,322230,n:1,2007 to 2012
233,322233,322230,n:1,2007 to 2012
234,322291,322291,1:1,2007 to 2012
235,322299,322299,1:1,2007 to 2012
236,323110,323111,n:1,2007 to 2012
237,323111,323111,n:1,2007 to 2012
238,323112,323111,n:1,2007 to 2012
239,323114,323111,n:1,2007 to 2012
240,323115,323111,n:1,2007 to 2012
241,323116,323111,n:1,2007 to 2012
242,323118,323111,n:1,2007 to 2012
243,323119,323111,n:1,2007 to 2012
244,323113,323113,1:1,2007 to 2012
245,323117,323117,1:1,2007 to 2012
246,323121,323120,n:1,2007 to 2012
247,323122,323120,n:1,2007 to 2012
248,324110,324110,1:1,2007 to 2012
249,324121,324121,1:1,2007 to 2012
250,324122,324122,1:1,2007 to 2012
251,324191,324191,1:1,2007 to 2012
252,324199,324199,1:1,2007 to 2012
253,325110,325110,1:1,2007 to 2012
254,325120,325120,1:1,2007 to 2012
255,325131,325130,n:1,2007 to 2012
256,325132,325130,n:1,2007 to 2012
257,325181,325180,n:1,2007 to 2012
258,325182,325180,n:1,2007 to 2012
259,325188,325180,n:1,2007 to 2012
260,325193,325193,1:1,2007 to 2012
261,325191,325194,n:1,2007 to 2012
262,325192,325194,n:1,2007 to 2012
263,325199,325199,1:1,2007 to 2012
264,325211,325211,1:1,2007 to 2012
265,325212,325212,1:1,2007 to 2012
266,325221,325220,n:1,2007 to 2012
267,325222,325220,n:1,2007 to 2012
268,325311,325311,1:1,2007 to 2012
269,325312,325312,1:1,2007 to 2012
270,325314,325314,1:1,2007 to 2012
271,325320,325320,1:1,2007 to 2012
272,325411,325411,1:1,2007 to 2012
273,325412,325412,1:1,2007 to 2012
274,325413,325413,1:1,2007 to 2012
275,325414,325414,1:1,2007 to 2012
276,325510,325510,1:1,2007 to 2012
277,325520,325520,1:1,2007 to 2012
278,325611,325611,1:1,2007 to 2012
279,325612,325612,1:1,2007 to 2012
280,325613,325613,1:1,2007 to 2012
281,325620,325620,1:1,2007 to 2012
282,325910,325910,1:1,2007 to 2012
283,325920,325920,1:1,2007 to 2012
284,325991,325991,1:1,2007 to 2012
285,325992,325992,1:1,2007 to 2012
286,325998,325998,1:1,2007 to 2012
287,326111,326111,1:1,2007 to 2012
288,326112,326112,1:1,2007 to 2012
289,326113,326113,1:1,2007 to 2012
290,326121,326121,1:1,2007 to 2012
291,326122,326122,1:1,2007 to 2012
292,326130,326130,1:1,2007 to 2012
293,326140,326140,1:1,2007 to 2012
294,326150,326150,1:1,2007 to 2012
295,326160,326160,1:1,2007 to 2012
296,326191,326191,1:1,2007 to 2012
297,326192,326199,n:1,2007 to 2012
298,326199,326199,n:1,2007 to 2012
299,326211,326211,1:1,2007 to 2012
300,326212,326212,1:1,2007 to 2012
301,326220,326220,1:1,2007 to 2012
302,326291,326291,1:1,2007 to 2012
303,326299,326299,1:1,2007 to 2012
304,327111,327110,n:1,2007 to 2012
305,327112,327110,n:1,2007 to 2012
306,327113,327110,n:1,2007 to 2012
307,327121,327120,n:1,2007 to 2012
308,327122,327120,n:1,2007 to 2012
309,327123,327120,n:1,2007 to 2012
310,327124,327120,n:1,2007 to 2012
311,327125,327120,n:1,2007 to 2012
312,327211,327211,1:1,2007 to 2012
313,327212,327212,1:1,2007 to 2012
314,327213,327213,1:1,2007 to 2012
315,327215,327215,1:1,2007 to 2012
316,327310,327310,1:1,2007 to 2012
317,327320,327320,1:1,2007 to 2012
318,327331,327331,1:1,2007 to 2012
319,327332,327332,1:1,2007 to 2012
320,327390,327390,1:1,2007 to 2012
321,327410,327410,1:1,2007 to 2012
322,327420,327420,1:1,2007 to 2012
323,327910,327910,1:1,2007 to 2012
324,327991,327991,1:1,2007 to 2012
325,327992,327992,1:1,2007 to 2012
326,327993,327993,1:1,2007 to 2012
327,327999,327999,1:1,2007 to 2012
328,331111,331110,n:1,2007 to 2012
329,331112,331110,n:1,2007 to 2012
330,331210,331210,1:1,2007 to 2012
331,331221,331221,1:1,2007 to 2012
332,331222,331222,1:1,2007 to 2012
333,331311,331313,n:1,2007 to 2012
334,331312,331313,n:1,2007 to 2012
335,331314,331314,1:1,2007 to 2012
336,331315,331315,1:1,2007 to 2012
337,331316,331318,n:1,2007 to 2012
338,331319,331318,n:1,2007 to 2012
339,331411,331410,n:1,2007 to 2012
340,331419,331410,n:1,2007 to 2012
341,331421,331420,n:1,2007 to 2012
342,331422,331420,n:1,2007 to 2012
343,331423,331420,n:1,2007 to 2012
344,331491,331491,1:1,2007 to 2012
345,331492,331492,1:1,2007 to 2012
346,331511,331511,1:1,2007 to 2012
347,331512,331512,1:1,2007 to 2012
348,331513,331513,1:1,2007 to 2012
349,331521,331523,n:1,2007 to 2012
350,331522,331523,n:1,2007 to 2012
351,331524,331524,1:1,2007 to 2012
352,331525,331529,n:1,2007 to 2012
353,331528,331529,n:1,2007 to 2012
354,332111,332111,1:1,2007 to 2012
355,332112,332112,1:1,2007 to 2012
356,332114,332114,1:1,2007 to 2012
357,332117,332117,1:1,2007 to 2012
358,332115,332119,n:1,2007 to 2012
359,332116,332119,n:1,2007 to 2012
360,332211,332215,n:1,2007 to 2012
361,332214,332215,n:1,2007 to 2012
362,332212,332216,n:1,2007 to 2012
363,332213,332216,n:1,2007 to 2012
364,332311,332311,1:1,2007 to 2012
365,332312,332312,1:1,2007 to 2012
366,332313,332313,1:1,2007 to 2012
367,332321,332321,1:1,2007 to 2012
368,332322,332322,1:1,2007 to 2012
369,332323,332323,1:1,2007 to 2012
370,332410,332410,1:1,2007 to 2012
371,332420,332420,1:1,2007 to 2012
372,332431,332431,1:1,2007 to 2012
373,332439,332439,1:1,2007 to 2012
374,332510,332510,1:1,2007 to 2012
375,332611,332613,n:1,2007 to 2012
376,332612,332613,n:1,2007 to 2012
377,332618,332618,1:1,2007 to 2012
378,332710,332710,1:1,2007 to 2012
379,332721,332721,1:1,2007 to 2012
380,332722,332722,1:1,2007 to 2012
381,332811,332811,1:1,2007 to 2012
382,332812,332812,1:1,2007 to 2012
383,332813,332813,1:1,2007 to 2012
384,332911,332911,1:1,2007 to 2012
385,332912,332912,1:1,2007 to 2012
386,332913,332913,1:1,2007 to 2012
387,332919,332919,1:1,2007 to 2012
388,332991,332991,1:1,2007 to 2012
389,332992,332992,1:1,2007 to 2012
390,332993,332993,1:1,2007 to 2012
391,332994,332994,n:1,2007 to 2012
392,332995,332994,n:1,2007 to 2012
393,332996,332996,1:1,2007 to 2012
394,332997,332999,n:1,2007 to 2012
395,332998,332999,n:1,2007 to 2012
396,332999,332999,n:1,2007 to 2012
397,333111,333111,1:1,2007 to 2012
398,333112,333112,1:1,2007 to 2012
399,333120,333120,1:1,2007 to 2012
400,333131,333131,1:1,2007 to 2012
401,333132,333132,1:1,2007 to 2012
402,333294,333241,1:1,2007 to 2012
403,333295,333242,1:1,2007 to 2012
404,333210,333243,n:1,2007 to 2012
405,333291,333243,n:1,2007 to 2012
406,333293,333244,1:1,2007 to 2012
407,333220,333249,n:1,2007 to 2012
408,333292,333249,n:1,2007 to 2012
409,333298,333249,n:1,2007 to 2012
410,333314,333314,1:1,2007 to 2012
411,333315,333316,n:1,2007 to 2012
412,334119,333316,n:n,2007 to 2012
413,333311,333318,n:1,2007 to 2012
414,333312,333318,n:1,2007 to 2012
415,333313,333318,n:1,2007 to 2012
416,333319,333318,n:1,2007 to 2012
417,333411,333413,n:1,2007 to 2012
418,333412,333413,n:1,2007 to 2012
419,333414,333414,1:1,2007 to 2012
420,333415,333415,1:1,2007 to 2012
421,333511,333511,1:1,2007 to 2012
422,333514,333514,1:1,2007 to 2012
423,333515,333515,1:1,2007 to 2012
424,333512,333517,n:1,2007 to 2012
425,333513,333517,n:1,2007 to 2012
426,333516,333519,n:1,2007 to 2012
427,333518,333519,n:1,2007 to 2012
428,333611,333611,1:1,2007 to 2012
429,333612,333612,1:1,2007 to 2012
430,333613,333613,1:1,2007 to 2012
431,333618,333618,1:1,2007 to 2012
432,333911,333911,1:1,2007 to 2012
433,333912,333912,1:1,2007 to 2012
434,333913,333913,1:1,2007 to 2012
435,333921,333921,1:1,2007 to 2012
436,333922,333922,1:1,2007 to 2012
437,333923,333923,1:1,2007 to 2012
438,333924,333924,1:1,2007 to 2012
439,333991,333991,1:1,2007 to 2012
440,333992,333992,1:1,2007 to 2012
441,333993,333993,1:1,2007 to 2012
442,333994,333994,1:1,2007 to 2012
443,333995,333995,1:1,2007 to 2012
444,333996,333996,1:1,2007 to 2012
445,333997,333997,1:1,2007 to 2012
446,333999,333999,1:1,2007 to 2012
447,334111,334111,1:1,2007 to 2012
448,334112,334112,1:1,2007 to 2012
449,334113,334118,n:1,2007 to 2012
450,334119,334118,n:n,2007 to 2012
451,334210,334210,1:1,2007 to 2012
452,334220,334220,1:1,2007 to 2012
453,334290,334290,1:1,2007 to 2012
454,334310,334310,1:1,2007 to 2012
455,334412,334412,1:1,2007 to 2012
456,334413,334413,1:1,2007 to 2012
457,334414,334416,n:1,2007 to 2012
458,334415,334416,n:1,2007 to 2012
459,334416,334416,n:1,2007 to 2012
460,334417,334417,1:1,2007 to 2012
461,334418,334418,1:1,2007 to 2012
462,334411,334419,n:1,2007 to 2012
463,334419,334419,n:1,2007 to 2012
464,334510,334510,1:1,2007 to 2012
465,334511,334511,1:1,2007 to 2012
466,334512,334512,1:1,2007 to 2012
467,334513,334513,1:1,2007 to 2012
468,334514,334514,1:1,2007 to 2012
469,334515,334515,1:1,2007 to 2012
470,334516,334516,1:1,2007 to 2012
471,334517,334517,1:1,2007 to 2012
472,334518,334519,n:1,2007 to 2012
473,334519,334519,n:1,2007 to 2012
474,334613,334613,1:1,2007 to 2012
475,334611,334614,n:1,2007 to 2012
476,334612,334614,n:1,2007 to 2012
477,335110,335110,1:1,2007 to 2012
478,335121,335121,1:1,2007 to 2012
479,335122,335122,1:1,2007 to 2012
480,335129,335129,1:1,2007 to 2012
481,335211,335210,n:1,2007 to 2012
482,335212,335210,n:1,2007 to 2012
483,335221,335221,1:1,2007 to 2012
484,335222,335222,1:1,2007 to 2012
485,335224,335224,1:1,2007 to 2012
486,335228,335228,1:1,2007 to 2012
487,335311,335311,1:1,2007 to 2012
488,335312,335312,1:1,2007 to 2012
489,335313,335313,1:1,2007 to 2012
490,335314,335314,1:1,2007 to 2012
491,335911,335911,1:1,2007 to 2012
492,335912,335912,1:1,2007 to 2012
493,335921,335921,1:1,2007 to 2012
494,335929,335929,1:1,2007 to 2012
495,335931,335931,1:1,2007 to 2012
496,335932,335932,1:1,2007 to 2012
497,335991,335991,1:1,2007 to 2012
498,335999,335999,1:1,2007 to 2012
499,336111,336111,1:1,2007 to 2012
500,336112,336112,1:1,2007 to 2012
501,336120,336120,1:1,2007 to 2012
502,336211,336211,1:1,2007 to 2012
503,336212,336212,1:1,2007 to 2012
504,336213,336213,1:1,2007 to 2012
505,336214,336214,1:1,2007 to 2012
506,336311,336310,n:1,2007 to 2012
507,336312,336310,n:1,2007 to 2012
508,336321,336320,n:1,2007 to 2012
509,336322,336320,n:1,2007 to 2012
510,336330,336330,1:1,2007 to 2012
511,336340,336340,1:1,2007 to 2012
512,336350,336350,1:1,2007 to 2012
513,336360,336360,1:1,2007 to 2012
514,336370,336370,1:1,2007 to 2012
515,336391,336390,n:1,2007 to 2012
516,336399,336390,n:1,2007 to 2012
517,336411,336411,1:1,2007 to 2012
518,336412,336412,1:1,2007 to 2012
519,336413,336413,1:1,2007 to 2012
520,336414,336414,1:1,2007 to 2012
521,336415,336415,1:1,2007 to 2012
522,336419,336419,1:1,2007 to 2012
523,336510,336510,1:1,2007 to 2012
524,336611,336611,1:1,2007 to 2012
525,336612,336612,1:1,2007 to 2012
526,336991,336991,1:1,2007 to 2012
527,336992,336992,1:1,2007 to 2012
528,336999,336999,1:1,2007 to 2012
529,337110,337110,1:1,2007 to 2012
530,337121,337121,1:1,2007 to 2012
531,337122,337122,1:1,2007 to 2012
532,337124,337124,1:1,2007 to 2012
533,337125,337125,1:1,2007 to 2012
534,337127,337127,1:1,2007 to 2012
535,337211,337211,1:1,2007 to 2012
536,337212,337212,1:1,2007 to 2012
537,337214,337214,1:1,2007 to 2012
538,337215,337215,1:1,2007 to 2012
539,337910,337910,1:1,2007 to 2012
540,337920,337920,1:1,2007 to 2012
541,339112,339112,1:1,2007 to 2012
542,339113,339113,1:1,2007 to 2012
543,339114,339114,1:1,2007 to 2012
544,339115,339115,1:1,2007 to 2012
545,339116,339116,1:1,2007 to 2012
546,339911,339910,n:1,2007 to 2012
547,339912,339910,n:1,2007 to 2012
548,339913,339910,n:1,2007 to 2012
549,339914,339910,n:1,2007 to 2012
550,339920,339920,1:1,2007 to 2012
551,339931,339930,n:1,2007 to 2012
552,339932,339930,n:1,2007 to 2012
553,339941,339940,n:1,2007 to 2012
554,339942,339940,n:1,2007 to 2012
555,339943,339940,n:1,2007 to 2012
556,339944,339940,n:1,2007 to 2012
557,339950,339950,1:1,2007 to 2012
558,339991,339991,1:1,2007 to 2012
559,339992,339992,1:1,2007 to 2012
560,339993,339993,1:1,2007 to 2012
561,339994,339994,1:1,2007 to 2012
562,339995,339995,1:1,2007 to 2012
563,339999,339999,1:1,2007 to 2012
564,423110,423110,1:1,2007 to 2012
565,423120,423120,1:1,2007 to 2012
566,423130,423130,1:1,2007 to 2012
567,423140,423140,1:1,2007 to 2012
568,423210,423210,1:1,2007 to 2012
569,423220,423220,1:1,2007 to 2012
570,423310,423310,1:1,2007 to 2012
571,423320,423320,1:1,2007 to 2012
572,423330,423330,1:1,2007 to 2012
573,423390,423390,1:1,2007 to 2012
574,423410,423410,1:1,2007 to 2012
575,423420,423420,1:1,2007 to 2012
576,423430,423430,1:1,2007 to 2012
577,423440,423440,1:1,2007 to 2012
578,423450,423450,1:1,2007 to 2012
579,423460,423460,1:1,2007 to 2012
580,423490,423490,1:1,2007 to 2012
581,423510,423510,1:1,2007 to 2012
582,423520,423520,1:1,2007 to 2012
583,423610,423610,1:1,2007 to 2012
584,423620,423620,n:n,2007 to 2012
585,423720,423620,n:n,2007 to 2012
586,423690,423690,1:1,2007 to 2012
587,423710,423710,1:1,2007 to 2012
588,423620,423720,n:n,2007 to 2012
589,423720,423720,n:n,2007 to 2012
590,423730,423730,1:1,2007 to 2012
591,423740,423740,1:1,2007 to 2012
592,423810,423810,1:1,2007 to 2012
593,423820,423820,1:1,2007 to 2012
594,423830,423830,1:1,2007 to 2012
595,423840,423840,1:1,2007 to 2012
596,423850,423850,1:1,2007 to 2012
597,423860,423860,1:1,2007 to 2012
598,423910,423910,1:1,2007 to 2012
599,423920,423920,1:1,2007 to 2012
600,423930,423930,1:1,2007 to 2012
601,423940,423940,1:1,2007 to 2012
602,423990,423990,1:1,2007 to 2012
603,424110,424110,1:1,2007 to 2012
604,424120,424120,1:1,2007 to 2012
605,424130,424130,1:1,2007 to 2012
606,424210,424210,1:1,2007 to 2012
607,424310,424310,1:1,2007 to 2012
608,424320,424320,1:1,2007 to 2012
609,424330,424330,1:1,2007 to 2012
610,424340,424340,1:1,2007 to 2012
611,424410,424410,1:1,2007 to 2012
612,424420,424420,1:1,2007 to 2012
613,424430,424430,1:1,2007 to 2012
614,424440,424440,1:1,2007 to 2012
615,424450,424450,1:1,2007 to 2012
616,424460,424460,1:1,2007 to 2012
617,424470,424470,1:1,2007 to 2012
618,424480,424480,1:1,2007 to 2012
619,424490,424490,1:1,2007 to 2012
620,424510,424510,1:1,2007 to 2012
621,424520,424520,1:1,2007 to 2012
622,424590,424590,1:1,2007 to 2012
623,424610,424610,1:1,2007 to 2012
624,424690,424690,1:1,2007 to 2012
625,424710,424710,1:1,2007 to 2012
626,424720,424720,1:1,2007 to 2012
627,424810,424810,1:1,2007 to 2012
628,424820,424820,1:1,2007 to 2012
629,424910,424910,1:1,2007 to 2012
630,424920,424920,1:1,2007 to 2012
631,424930,424930,1:1,2007 to 2012
632,424940,424940,1:1,2007 to 2012
633,424950,424950,1:1,2007 to 2012
634,424990,424990,1:1,2007 to 2012
635,425110,425110,1:1,2007 to 2012
636,425120,425120,1:1,2007 to 2012
637,441110,441110,1:1,2007 to 2012
638,441120,441120,1:1,2007 to 2012
639,441210,441210,1:1,2007 to 2012
640,441222,441222,1:1,2007 to 2012
641,441221,441228,n:1,2007 to 2012
642,441229,441228,n:1,2007 to 2012
643,441310,441310,1:1,2007 to 2012
644,441320,441320,1:1,2007 to 2012
645,442110,442110,1:1,2007 to 2012
646,442210,442210,1:1,2007 to 2012
647,442291,442291,1:1,2007 to 2012
648,442299,442299,1:1,2007 to 2012
649,443111,443141,1:1,2007 to 2012
650,443112,443142,n:1,2007 to 2012
651,443120,443142,n:1,2007 to 2012
652,443130,443142,n:1,2007 to 2012
653,451220,443142,n:1,2007 to 2012
654,444110,444110,1:1,2007 to 2012
655,444120,444120,1:1,2007 to 2012
656,444130,444130,1:1,2007 to 2012
657,444190,444190,1:1,2007 to 2012
658,444210,444210,1:1,2007 to 2012
659,444220,444220,1:1,2007 to 2012
660,445110,445110,1:1,2007 to 2012
661,445120,445120,1:1,2007 to 2012
662,445210,445210,1:1,2007 to 2012
663,445220,445220,1:1,2007 to 2012
664,445230,445230,1:1,2007 to 2012
665,445291,445291,1:1,2007 to 2012
666,445292,445292,1:1,2007 to 2012
667,445299,445299,1:1,2007 to 2012
668,445310,445310,1:1,2007 to 2012
669,446110,446110,1:1,2007 to 2012
670,446120,446120,1:1,2007 to 2012
671,446130,446130,1:1,2007 to 2012
672,446191,446191,1:1,2007 to 2012
673,446199,446199,1:1,2007 to 2012
674,447110,447110,1:1,2007 to 2012
675,447190,447190,1:1,2007 to 2012
676,448110,448110,1:1,2007 to 2012
677,448120,448120,1:1,2007 to 2012
678,448130,448130,1:1,2007 to 2012
679,448140,448140,1:1,2007 to 2012
680,448150,448150,1:1,2007 to 2012
681,448190,448190,1:1,2007 to 2012
682,448210,448210,1:1,2007 to 2012
683,448310,448310,1:1,2007 to 2012
684,448320,448320,1:1,2007 to 2012
685,451110,451110,1:1,2007 to 2012
686,451120,451120,1:1,2007 to 2012
687,451130,451130,1:1,2007 to 2012
688,451140,451140,1:1,2007 to 2012
689,451211,451211,1:1,2007 to 2012
690,451212,451212,1:1,2007 to 2012
691,452111,452111,1:1,2007 to 2012
692,452112,452112,1:1,2007 to 2012
693,452910,452910,1:1,2007 to 2012
694,452990,452990,1:1,2007 to 2012
695,453110,453110,1:1,2007 to 2012
696,453210,453210,1:1,2007 to 2012
697,453220,453220,1:1,2007 to 2012
698,453310,453310,1:1,2007 to 2012
699,453910,453910,1:1,2007 to 2012
700,453920,453920,1:1,2007 to 2012
701,453930,453930,1:1,2007 to 2012
702,453991,453991,1:1,2007 to 2012
703,453998,453998,1:1,2007 to 2012
704,454111,454111,1:1,2007 to 2012
705,454112,454112,1:1,2007 to 2012
706,454113,454113,1:1,2007 to 2012
707,454210,454210,1:1,2007 to 2012
708,454311,454310,n:1,2007 to 2012
709,454312,454310,n:1,2007 to 2012
710,454319,454310,n:1,2007 to 2012
711,454390,454390,1:1,2007 to 2012
712,481111,481111,1:1,2007 to 2012
713,481112,481112,1:1,2007 to 2012
714,481211,481211,1:1,2007 to 2012
715,481212,481212,1:1,2007 to 2012
716,481219,481219,1:1,2007 to 2012
717,483111,483111,1:1,2007 to 2012
718,483112,483112,1:1,2007 to 2012
719,483113,483113,1:1,2007 to 2012
720,483114,483114,1:1,2007 to 2012
721,483211,483211,1:1,2007 to 2012
722,483212,483212,1:1,2007 to 2012
723,484110,484110,1:1,2007 to 2012
724,484121,484121,1:1,2007 to 2012
725,484122,484122,1:1,2007 to 2012
726,484210,484210,1:1,2007 to 2012
727,484220,484220,1:1,2007 to 2012
728,484230,484230,1:1,2007 to 2012
729,485111,485111,1:1,2007 to 2012
730,485112,485112,1:1,2007 to 2012
731,485113,485113,1:1,2007 to 2012
732,485119,485119,1:1,2007 to 2012
733,485210,485210,1:1,2007 to 2012
734,485310,485310,1:1,2007 to 2012
735,485320,485320,1:1,2007 to 2012
736,485410,485410,1:1,2007 to 2012
737,485510,485510,1:1,2007 to 2012
738,485991,485991,1:1,2007 to 2012
739,485999,485999,1:1,2007 to 2012
740,486110,486110,1:1,2007 to 2012
741,486210,486210,1:1,2007 to 2012
742,486910,486910,1:1,2007 to 2012
743,486990,486990,1:1,2007 to 2012
744,487110,487110,1:1,2007 to 2012
745,487210,487210,1:1,2007 to 2012
746,487990,487990,1:1,2007 to 2012
747,488111,488111,1:1,2007 to 2012
748,488119,488119,1:1,2007 to 2012
749,488190,488190,1:1,2007 to 2012
750,488210,488210,1:1,2007 to 2012
751,488310,488310,1:1,2007 to 2012
752,488320,488320,1:1,2007 to 2012
753,488330,488330,1:1,2007 to 2012
754,488390,488390,1:1,2007 to 2012
755,488410,488410,1:1,2007 to 2012
756,488490,488490,1:1,2007 to 2012
757,488510,488510,1:1,2007 to 2012
758,488991,488991,1:1,2007 to 2012
759,488999,488999,1:1,2007 to 2012
760,492110,492110,1:1,2007 to 2012
761,492210,492210,1:1,2007 to 2012
762,493110,493110,1:1,2007 to 2012
763,493120,493120,1:1,2007 to 2012
764,493130,493130,1:1,2007 to 2012
765,493190,493190,1:1,2007 to 2012
766,511110,511110,1:1,2007 to 2012
767,511120,511120,1:1,2007 to 2012
768,511130,511130,1:1,2007 to 2012
769,511140,511140,1:1,2007 to 2012
770,511191,511191,1:1,2007 to 2012
771,511199,511199,1:1,2007 to 2012
772,511210,511210,1:1,2007 to 2012
773,512110,512110,1:1,2007 to 2012
774,512120,512120,1:1,2007 to 2012
775,512131,512131,1:1,2007 to 2012
776,512132,512132,1:1,2007 to 2012
777,512191,512191,1:1,2007 to 2012
778,512199,512199,1:1,2007 to 2012
779,512210,512210,1:1,2007 to 2012
780,512220,512220,1:1,2007 to 2012
781,512230,512230,1:1,2007 to 2012
782,512240,512240,1:1,2007 to 2012
783,512290,512290,1:1,2007 to 2012
784,515111,515111,1:1,2007 to 2012
785,515112,515112,1:1,2007 to 2012
786,515120,515120,1:1,2007 to 2012
787,515210,515210,1:1,2007 to 2012
788,517110,517110,1:1,2007 to 2012
789,517210,517210,1:1,2007 to 2012
790,517410,517410,1:1,2007 to 2012
791,517911,517911,1:1,2007 to 2012
792,517919,517919,1:1,2007 to 2012
793,518210,518210,1:1,2007 to 2012
794,519110,519110,1:1,2007 to 2012
795,519120,519120,1:1,2007 to 2012
796,519130,519130,1:1,2007 to 2012
797,519190,519190,1:1,2007 to 2012
798,521110,521110,1:1,2007 to 2012
799,522110,522110,1:1,2007 to 2012
800,522120,522120,1:1,2007 to 2012
801,522130,522130,1:1,2007 to 2012
802,522190,522190,1:1,2007 to 2012
803,522210,522210,1:1,2007 to 2012
804,522220,522220,1:1,2007 to 2012
805,522291,522291,1:1,2007 to 2012
806,522292,522292,1:1,2007 to 2012
807,522293,522293,1:1,2007 to 2012
808,522294,522294,1:1,2007 to 2012
809,522298,522298,1:1,2007 to 2012
810,522310,522310,1:1,2007 to 2012
811,522320,522320,1:1,2007 to 2012
812,522390,522390,1:1,2007 to 2012
813,523110,523110,1:1,2007 to 2012
814,523120,523120,1:1,2007 to 2012
815,523130,523130,1:1,2007 to 2012
816,523140,523140,1:1,2007 to 2012
817,523210,523210,1:1,2007 to 2012
818,523910,523910,1:1,2007 to 2012
819,523920,523920,1:1,2007 to 2012
820,523930,523930,1:1,2007 to 2012
821,523991,523991,1:1,2007 to 2012
822,523999,523999,1:1,2007 to 2012
823,524113,524113,1:1,2007 to 2012
824,524114,524114,1:1,2007 to 2012
825,524126,524126,1:1,2007 to 2012
826,524127,524127,1:1,2007 to 2012
827,524128,524128,1:1,2007 to 2012
828,524130,524130,1:1,2007 to 2012
829,524210,524210,1:1,2007 to 2012
830,524291,524291,1:1,2007 to 2012
831,524292,524292,1:1,2007 to 2012
832,524298,524298,1:1,2007 to 2012
833,525910,525910,1:1,2007 to 2012
834,525990,525990,1:1,2007 to 2012
835,531110,531110,1:1,2007 to 2012
836,531120,531120,1:1,2007 to 2012
837,531130,531130,1:1,2007 to 2012
838,531190,531190,1:1,2007 to 2012
839,531210,531210,1:1,2007 to 2012
840,531311,531311,1:1,2007 to 2012
841,531312,531312,1:1,2007 to 2012
842,531320,531320,1:1,2007 to 2012
843,531390,531390,1:1,2007 to 2012
844,532111,532111,1:1,2007 to 2012
845,532112,532112,1:1,2007 to 2012
846,532120,532120,1:1,2007 to 2012
847,532210,532210,1:1,2007 to 2012
848,532220,532220,1:1,2007 to 2012
849,532230,532230,1:1,2007 to 2012
850,532291,532291,1:1,2007 to 2012
851,532292,532292,1:1,2007 to 2012
852,532299,532299,1:1,2007 to 2012
853,532310,532310,1:1,2007 to 2012
854,532411,532411,1:1,2007 to 2012
855,532412,532412,1:1,2007 to 2012
856,532420,532420,1:1,2007 to 2012
857,532490,532490,1:1,2007 to 2012
858,533110,533110,1:1,2007 to 2012
859,541110,541110,1:1,2007 to 2012
860,541191,541191,1:1,2007 to 2012
861,541199,541199,1:1,2007 to 2012
862,541211,541211,1:1,2007 to 2012
863,541213,541213,1:1,2007 to 2012
864,541214,541214,1:1,2007 to 2012
865,541219,541219,1:1,2007 to 2012
866,541310,541310,1:1,2007 to 2012
867,541320,541320,1:1,2007 to 2012
868,541330,541330,1:1,2007 to 2012
869,541340,541340,1:1,2007 to 2012
870,541350,541350,1:1,2007 to 2012
871,541360,541360,1:1,2007 to 2012
872,541370,541370,1:1,2007 to 2012
873,541380,541380,1:1,2007 to 2012
874,541410,541410,1:1,2007 to 2012
875,541420,541420,1:1,2007 to 2012
876,541430,541430,1:1,2007 to 2012
877,541490,541490,1:1,2007 to 2012
878,541511,541511,1:1,2007 to 2012
879,541512,541512,1:1,2007 to 2012
880,541513,541513,1:1,2007 to 2012
881,541519,541519,1:1,2007 to 2012
882,541611,541611,1:1,2007 to 2012
883,541612,541612,1:1,2007 to 2012
884,541613,541613,1:1,2007 to 2012
885,541614,541614,1:1,2007 to 2012
886,541618,541618,1:1,2007 to 2012
887,541620,541620,1:1,2007 to 2012
888,541690,541690,1:1,2007 to 2012
889,541711,541711,1:1,2007 to 2012
890,541712,541712,1:1,2007 to 2012
891,541720,541720,1:1,2007 to 2012
892,541810,541810,1:1,2007 to 2012
893,541820,541820,1:1,2007 to 2012
894,541830,541830,1:1,2007 to 2012
895,541840,541840,1:1,2007 to 2012
896,541850,541850,1:1,2007 to 2012
897,541860,541860,1:1,2007 to 2012
898,541870,541870,1:1,2007 to 2012
899,541890,541890,1:1,2007 to 2012
900,541910,541910,1:1,2007 to 2012
901,541921,541921,1:1,2007 to 2012
902,541922,541922,1:1,2007 to 2012
903,541930,541930,1:1,2007 to 2012
904,541940,541940,1:1,2007 to 2012
905,541990,541990,1:1,2007 to 2012
906,551111,551111,1:1,2007 to 2012
907,551112,551112,1:1,2007 to 2012
908,551114,551114,1:1,2007 to 2012
909,561110,561110,1:1,2007 to 2012
910,561210,561210,1:1,2007 to 2012
911,561311,561311,1:1,2007 to 2012
912,561312,561312,1:1,2007 to 2012
913,561320,561320,1:1,2007 to 2012
914,561330,561330,1:1,2007 to 2012
915,561410,561410,1:1,2007 to 2012
916,561421,561421,1:1,2007 to 2012
917,561422,561422,1:1,2007 to 2012
918,561431,561431,1:1,2007 to 2012
919,561439,561439,1:1,2007 to 2012
920,561440,561440,1:1,2007 to 2012
921,561450,561450,1:1,2007 to 2012
922,561491,561491,1:1,2007 to 2012
923,561492,561492,1:1,2007 to 2012
924,561499,561499,1:1,2007 to 2012
925,561510,561510,1:1,2007 to 2012
926,561520,561520,1:1,2007 to 2012
927,561591,561591,1:1,2007 to 2012
928,561599,561599,1:1,2007 to 2012
929,561611,561611,1:1,2007 to 2012
930,561612,561612,1:1,2007 to 2012
931,561613,561613,1:1,2007 to 2012
932,561621,561621,1:1,2007 to 2012
933,561622,561622,1:1,2007 to 2012
934,561710,561710,1:1,2007 to 2012
935,561720,561720,1:1,2007 to 2012
936,561730,561730,1:1,2007 to 2012
937,561740,561740,1:1,2007 to 2012
938,561790,561790,1:1,2007 to 2012
939,561910,561910,1:1,2007 to 2012
940,561920,561920,1:1,2007 to 2012
941,561990,561990,1:1,2007 to 2012
942,562111,562111,1:1,2007 to 2012
943,562112,562112,1:1,2007 to 2012
944,562119,562119,1:1,2007 to 2012
945,562211,562211,1:1,2007 to 2012
946,562212,562212,1:1,2007 to 2012
947,562213,562213,1:1,2007 to 2012
948,562219,562219,1:1,2007 to 2012
949,562910,562910,1:1,2007 to 2012
950,562920,562920,1:1,2007 to 2012
951,562991,562991,1:1,2007 to 2012
952,562998,562998,1:1,2007 to 2012
953,611110,611110,1:1,2007 to 2012
954,611210,611210,1:1,2007 to 2012
955,611310,611310,1:1,2007 to 2012
956,611410,611410,1:1,2007 to 2012
957,611420,611420,1:1,2007 to 2012
958,611430,611430,1:1,2007 to 2012
959,611511,611511,1:1,2007 to 2012
960,611512,611512,1:1,2007 to 2012
961,611513,611513,1:1,2007 to 2012
962,611519,611519,1:1,2007 to 2012
963,611610,611610,1:1,2007 to 2012
964,611620,611620,1:1,2007 to 2012
965,611630,611630,1:1,2007 to 2012
966,611691,611691,1:1,2007 to 2012
967,611692,611692,1:1,2007 to 2012
968,611699,611699,1:1,2007 to 2012
969,611710,611710,1:1,2007 to 2012
970,621111,621111,1:1,2007 to 2012
971,621112,621112,1:1,2007 to 2012
972,621210,621210,1:1,2007 to 2012
973,621310,621310,1:1,2007 to 2012
974,621320,621320,1:1,2007 to 2012
975,621330,621330,1:1,2007 to 2012
976,621340,621340,1:1,2007 to 2012
977,621391,621391,1:1,2007 to 2012
978,621399,621399,1:1,2007 to 2012
979,621410,621410,1:1,2007 to 2012
980,621420,621420,1:1,2007 to 2012
981,621491,621491,1:1,2007 to 2012
982,621492,621492,1:1,2007 to 2012
983,621493,621493,1:1,2007 to 2012
984,621498,621498,1:1,2007 to 2012
985,621511,621511,1:1,2007 to 2012
986,621512,621512,1:1,2007 to 2012
987,621610,621610,1:1,2007 to 2012
988,621910,621910,1:1,2007 to 2012
989,621991,621991,1:1,2007 to 2012
990,621999,621999,1:1,2007 to 2012
991,622110,622110,1:1,2007 to 2012
992,622210,622210,1:1,2007 to 2012
993,622310,622310,1:1,2007 to 2012
994,623110,623110,1:1,2007 to 2012
995,623210,623210,1:1,2007 to 2012
996,623220,623220,1:1,2007 to 2012
997,623311,623311,1:1,2007 to 2012
998,623312,623312,1:1,2007 to 2012
999,623990,623990,1:1,2007 to 2012
1000,624110,624110,1:1,2007 to 2012
1001,624120,624120,1:1,2007 to 2012
1002,624190,624190,1:1,2007 to 2012
1003,624210,624210,1:1,2007 to 2012
1004,624221,624221,1:1,2007 to 2012
1005,624229,624229,1:1,2007 to 2012
1006,624230,624230,1:1,2007 to 2012
1007,624310,624310,1:1,2007 to 2012
1008,624410,624410,1:1,2007 to 2012
1009,711110,711110,1:1,2007 to 2012
1010,711120,711120,1:1,2007 to 2012
1011,711130,711130,1:1,2007 to 2012
1012,711190,711190,1:1,2007 to 2012
1013,711211,711211,1:1,2007 to 2012
1014,711212,711212,1:1,2007 to 2012
1015,711219,711219,1:1,2007 to 2012
1016,711310,711310,1:1,2007 to 2012
1017,711320,711320,1:1,2007 to 2012
1018,711410,711410,1:1,2007 to 2012
1019,711510,711510,1:1,2007 to 2012
1020,712110,712110,1:1,2007 to 2012
1021,712120,712120,1:1,2007 to 2012
1022,712130,712130,1:1,2007 to 2012
1023,712190,712190,1:1,2007 to 2012
1024,713110,713110,1:1,2007 to 2012
1025,713120,713120,1:1,2007 to 2012
1026,713210,713210,1:1,2007 to 2012
1027,713290,713290,1:1,2007 to 2012
1028,713910,713910,1:1,2007 to 2012
1029,713920,713920,1:1,2007 to 2012
1030,713930,713930,1:1,2007 to 2012
1031,713940,713940,1:1,2007 to 2012
1032,713950,713950,1:1,2007 to 2012
1033,713990,713990,1:1,2007 to 2012
1034,721110,721110,1:1,2007 to 2012
1035,721120,721120,1:1,2007 to 2012
1036,721191,721191,1:1,2007 to 2012
1037,721199,721199,1:1,2007 to 2012
1038,721211,721211,1:1,2007 to 2012
1039,721214,721214,1:1,2007 to 2012
1040,721310,721310,1:1,2007 to 2012
1041,722310,722310,1:1,2007 to 2012
1042,722320,722320,1:1,2007 to 2012
1043,722330,722330,1:1,2007 to 2012
1044,722410,722410,1:1,2007 to 2012
1045,722110,722511,1:1,2007 to 2012
1046,722211,722513,1:1,2007 to 2012
1047,722212,722514,1:1,2007 to 2012
1048,722213,722515,1:1,2007 to 2012
1049,811111,811111,1:1,2007 to 2012
1050,811112,811112,1:1,2007 to 2012
1051,811113,811113,1:1,2007 to 2012
1052,811118,811118,1:1,2007 to 2012
1053,811121,811121,1:1,2007 to 2012
1054,811122,811122,1:1,2007 to 2012
1055,811191,811191,1:1,2007 to 2012
1056,811192,811192,1:1,2007 to 2012
1057,811198,811198,1:1,2007 to 2012
1058,811211,811211,1:1,2007 to 2012
1059,811212,811212,1:1,2007 to 2012
1060,811213,811213,1:1,2007 to 2012
1061,811219,811219,1:1,2007 to 2012
1062,811310,811310,1:1,2007 to 2012
1063,811411,811411,1:1,2007 to 2012
1064,811412,811412,1:1,2007 to 2012
1065,811420,811420,1:1,2007 to 2012
1066,811430,811430,1:1,2007 to 2012
1067,811490,811490,1:1,2007 to 2012
1068,812111,812111,1:1,2007 to 2012
1069,812112,812112,1:1,2007 to 2012
1070,812113,812113,1:1,2007 to 2012
1071,812191,812191,1:1,2007 to 2012
1072,812199,812199,1:1,2007 to 2012
1073,812210,812210,1:1,2007 to 2012
1074,812220,812220,1:1,2007 to 2012
1075,812310,812310,1:1,2007 to 2012
1076,812320,812320,1:1,2007 to 2012
1077,812331,812331,1:1,2007 to 2012
1078,812332,812332,1:1,2007 to 2012
1079,812910,812910,1:1,2007 to 2012
1080,812921,812921,1:1,2007 to 2012
1081,812922,812922,1:1,2007 to 2012
1082,812930,812930,1:1,2007 to 2012
1083,812990,812990,1:1,2007 to 2012
1084,813110,813110,1:1,2007 to 2012
1085,813211,813211,1:1,2007 to 2012
1086,813212,813212,1:1,2007 to 2012
1087,813219,813219,1:1,2007 to 2012
1088,813311,813311,1:1,2007 to 2012
1089,813312,813312,1:1,2007 to 2012
1090,813319,813319,1:1,2007 to 2012
1091,813410,813410,1:1,2007 to 2012
1092,813910,813910,1:1,2007 to 2012
1093,813920,813920,1:1,2007 to 2012
1094,813930,813930,1:1,2007 to 2012
1095,813940,813940,1:1,2007 to 2012
1096,813990,813990,1:1,2007 to 2012
